-- MySQL dump 10.13  Distrib 8.0.41, for Linux (x86_64)
--
-- Host: localhost    Database: aqoo
-- ------------------------------------------------------
-- Server version	8.0.41-0ubuntu0.22.04.1

/*!40101 SET @OLD_CHARACTER_SET_CLIENT=@@CHARACTER_SET_CLIENT */;
/*!40101 SET @OLD_CHARACTER_SET_RESULTS=@@CHARACTER_SET_RESULTS */;
/*!40101 SET @OLD_COLLATION_CONNECTION=@@COLLATION_CONNECTION */;
/*!50503 SET NAMES utf8mb4 */;
/*!40103 SET @OLD_TIME_ZONE=@@TIME_ZONE */;
/*!40103 SET TIME_ZONE='+00:00' */;
/*!40014 SET @OLD_UNIQUE_CHECKS=@@UNIQUE_CHECKS, UNIQUE_CHECKS=0 */;
/*!40014 SET @OLD_FOREIGN_KEY_CHECKS=@@FOREIGN_KEY_CHECKS, FOREIGN_KEY_CHECKS=0 */;
/*!40101 SET @OLD_SQL_MODE=@@SQL_MODE, SQL_MODE='NO_AUTO_VALUE_ON_ZERO' */;
/*!40111 SET @OLD_SQL_NOTES=@@SQL_NOTES, SQL_NOTES=0 */;

--
-- Table structure for table `aquarium`
--

DROP TABLE IF EXISTS `aquarium`;
/*!40101 SET @saved_cs_client     = @@character_set_client */;
/*!50503 SET character_set_client = utf8mb4 */;
CREATE TABLE `aquarium` (
  `id` int NOT NULL AUTO_INCREMENT,
  `aquarium_name` varchar(255) DEFAULT NULL,
  `last_fed_time` datetime DEFAULT NULL,
  `last_water_change_time` datetime DEFAULT NULL,
  `last_cleaned_time` datetime DEFAULT NULL,
  `user_id` varchar(50) NOT NULL,
  `aquarium_background_id` int DEFAULT NULL,
  PRIMARY KEY (`id`),
  KEY `aquarium_background_id` (`aquarium_background_id`),
  CONSTRAINT `aquarium_ibfk_1` FOREIGN KEY (`aquarium_background_id`) REFERENCES `aquarium_background` (`id`)
) ENGINE=InnoDB AUTO_INCREMENT=327 DEFAULT CHARSET=utf8mb4 COLLATE=utf8mb4_0900_ai_ci;
/*!40101 SET character_set_client = @saved_cs_client */;

--
-- Dumping data for table `aquarium`
--

LOCK TABLES `aquarium` WRITE;
/*!40000 ALTER TABLE `aquarium` DISABLE KEYS */;
INSERT INTO `aquarium` VALUES (1,'대표어항','2025-02-19 12:32:14','2025-02-19 10:21:23','2025-02-19 10:21:31','jjin4363@gmail.com',1),(2,'dlsxj101 의 어항','2025-02-20 01:19:45','2025-02-19 23:21:15','2025-02-19 23:21:12','dlsxj101',1),(5,'ejej 의 어항','2025-02-20 01:55:14','2025-02-19 22:53:00','2025-02-20 01:16:42','ejej',2),(6,'heon 의 어항','2025-02-20 01:20:02','2025-02-19 23:52:21','2025-02-19 23:52:04','heon',1),(7,'조은 어항','2025-02-20 01:07:41','2025-02-19 22:06:58','2025-02-20 01:12:40','ejoyee',2),(9,'eejj 의 어항','2025-02-20 01:53:02','2025-02-19 22:53:29','2025-02-20 01:53:07','eejj',1),(10,'피크민 동산','2025-02-19 07:17:03','2025-02-19 00:36:21','2025-02-19 07:17:12','test_yj',1),(11,'잡동사니','2025-02-20 01:51:56','2025-02-19 22:23:02','2025-02-19 22:23:06','moolgogi',1),(12,'어항1','2025-02-19 07:13:21','2025-02-19 00:33:26','2025-02-19 07:13:19','t123',1),(13,'Airdex 의 어항','2025-02-20 01:58:10','2025-02-19 23:21:07','2025-02-19 23:21:11','Airdex',2),(19,'gmltjd8005@gmail.com 의 어항','2025-02-13 10:43:19','2025-02-13 10:43:16','2025-02-13 10:43:45','gmltjd8005@gmail.com',3),(22,'test 의 어항','2025-02-15 06:20:52','2025-02-14 02:47:13','2025-02-18 02:29:35','test',3),(23,'ssafy12e201@gmail.com 의 어항','2025-02-13 10:56:35','2025-02-13 10:55:37','2025-02-12 21:53:14','ssafy12e201@gmail.com',1),(24,'어항 2','2025-02-13 05:54:39','2025-02-12 09:54:39','2025-02-12 21:54:39','ssafy12e201@gmail.com',1),(36,'moolgogi2 의 어항','2025-02-14 08:23:26','2025-02-14 08:23:25','2025-02-14 06:14:10','moolgogi2',1),(49,'어항 3','2025-02-18 06:21:55','2025-02-18 06:21:57','2025-02-18 06:27:08','user1',1),(54,'jo 의 어항','2025-02-19 01:28:04','2025-02-19 01:28:02','2025-02-19 05:13:32','jo',1),(55,'soomini 의 어항','2025-02-19 01:54:33','2025-02-19 01:54:29','2025-02-19 01:54:26','soomini',1),(56,'메이플 월드','2025-02-19 07:10:40','2025-02-19 00:34:33','2025-02-19 07:10:51','test_yj',1),(57,'모바일용','2025-02-19 22:07:44','2025-02-19 22:07:29','2025-02-19 22:07:37','ejoyee',1),(62,'kdyveliz 의 어항','2025-02-19 00:32:27','2025-02-19 00:32:24','2025-02-19 00:31:27','kdyveliz',3),(68,'kwonseon 의 어항','2025-02-19 09:15:11','2025-02-19 09:15:09','2025-02-19 09:15:08','kwonseon',1),(69,'test123123 의 어항','2025-02-14 01:55:41','2025-02-14 01:55:12','2025-02-14 01:56:12','test123123',3),(71,'어항 3','2025-02-13 20:52:52','2025-02-13 00:52:52','2025-02-13 12:52:52','test123123',1),(78,'어항 2','2025-02-14 01:21:43','2025-02-13 19:21:43','2025-02-13 22:21:43','user1',1),(79,'어항 3','2025-02-14 01:21:44','2025-02-13 19:21:44','2025-02-13 22:21:44','user1',1),(80,'qwer 의 어항','2025-02-14 05:05:19','2025-02-13 19:27:07','2025-02-14 05:05:05','qwer',3),(84,'어항 2','2025-02-14 02:58:25','2025-02-13 20:58:25','2025-02-13 23:58:25','test',1),(86,'dltkdghk1058@gmail.com 의 어항','2025-02-18 06:05:33','2025-02-18 06:05:12','2025-02-18 06:05:31','dltkdghk1058@gmail.com',2),(89,'jh.nam0324@gmail.com 의 어항','2025-02-14 05:04:00','2025-02-14 05:04:06','2025-02-14 05:35:31','jh.nam0324@gmail.com',3),(90,'해피백 의 어항','2025-02-20 01:51:37','2025-02-20 00:31:13','2025-02-20 00:31:42','poem1999515@gmail.com',3),(92,'어항 2','2025-02-15 12:53:47','2025-02-15 11:49:45','2025-02-15 11:50:08','qwer',1),(93,'어항 3','2025-02-14 03:09:18','2025-02-13 21:09:18','2025-02-14 00:09:18','qwer',1),(94,'95dmstjs 의 어항','2025-02-19 10:36:25','2025-02-19 10:36:16','2025-02-19 10:36:21','95dmstjs',1),(96,'hyunddo 의 어항','2025-02-20 02:11:20','2025-02-20 00:59:59','2025-02-20 00:59:58','hyunddo',1),(99,'frankh3w@gmail.com 의 어항','2025-02-14 05:34:59','2025-02-14 05:29:53','2025-02-14 05:34:58','frankh3w@gmail.com',3),(100,'어항 2','2025-02-14 03:27:36','2025-02-13 21:27:36','2025-02-14 00:27:36','frankh3w@gmail.com',1),(101,'어항 3','2025-02-14 03:27:59','2025-02-13 21:27:59','2025-02-14 00:27:59','frankh3w@gmail.com',1),(102,'vjawb2262@gmail.com 의 어항','2025-02-14 05:33:47','2025-02-14 05:33:38','2025-02-14 00:32:44','vjawb2262@gmail.com',2),(103,'testuser 의 어항','2025-02-18 00:38:16','2025-02-18 02:54:26','2025-02-18 02:56:17','testuser',2),(104,'어항 2','2025-02-14 03:35:45','2025-02-13 21:35:45','2025-02-14 00:35:45','testuser',2),(107,'tngks0413@gmail.com 의 어항','2025-02-14 05:42:38','2025-02-14 05:39:57','2025-02-14 00:38:53','tngks0413@gmail.com',1),(108,'어항 2','2025-02-14 03:39:45','2025-02-13 21:39:45','2025-02-14 00:39:45','tngks0413@gmail.com',1),(115,'xhdxhd0308 의 어항','2025-02-15 07:32:39','2025-02-15 07:32:46','2025-02-15 02:29:11','xhdxhd0308',3),(116,'skdud5126 의 어항','2025-02-18 02:41:22','2025-02-18 02:41:10','2025-02-15 02:38:33','skdud5126',3),(120,'어항 3','2025-02-15 05:44:01','2025-02-14 23:44:01','2025-02-15 02:44:01','testuser',1),(122,'kimyeobin 의 어항','2025-02-15 10:14:17','2025-02-15 10:14:02','2025-02-15 05:01:08','kimyeobin',1),(130,'어항 2','2025-02-15 08:17:05','2025-02-15 02:17:05','2025-02-15 05:17:05','kimyeobin',1),(131,'asdasd 의 어항','2025-02-18 05:50:39','2025-02-18 05:50:41','2025-02-18 05:50:35','asdasd',1),(132,'어항 2','2025-02-15 10:52:15','2025-02-15 04:52:15','2025-02-15 07:52:15','asdasd',1),(133,'ddoriboy 의 어항','2025-02-16 15:03:13','2025-02-16 15:03:11','2025-02-16 15:02:52','ddoriboy',2),(136,'kwy 의 어항','2025-02-18 14:17:34','2025-02-18 14:17:18','2025-02-18 14:17:31','kwy',2),(137,'어항 2','2025-02-16 05:17:40','2025-02-15 23:17:40','2025-02-16 02:17:40','kwy',1),(141,'찐힐링','2025-02-20 02:02:28','2025-02-20 02:02:27','2025-02-20 02:02:22','moolgogi',1),(142,'zeeyeonleee@gmail.com 의 어항','2025-02-19 08:18:50','2025-02-19 05:22:15','2025-02-19 08:19:11','zeeyeonleee@gmail.com',2),(144,' 다내놔물고기','2025-02-20 02:02:01','2025-02-20 02:02:12','2025-02-20 02:02:09','jiin',1),(147,'어항 2','2025-02-16 13:17:33','2025-02-16 07:17:33','2025-02-16 10:17:33','ddoriboy',1),(150,'수족관','2025-02-17 00:29:04','2025-02-17 00:29:07','2025-02-17 00:29:21','reveryu96@gmail.com',1),(162,'나는바보','2025-02-17 01:37:07','2025-02-17 01:37:00','2025-02-16 20:33:11','7504a',3),(169,'helloworld 의 어항','2025-02-17 01:44:12','2025-02-17 01:42:38','2025-02-17 01:43:10','helloworld',2),(171,'a20032718@gmail.com 의 어항','2025-02-18 08:08:06','2025-02-18 04:56:36','2025-02-18 08:07:57','a20032718@gmail.com',1),(172,'어항 2','2025-02-17 01:56:05','2025-02-16 17:54:53','2025-02-16 20:54:53','a20032718@gmail.com',1),(173,'어항 3','2025-02-16 23:55:53','2025-02-16 17:55:53','2025-02-16 20:55:53','a20032718@gmail.com',1),(174,'어항 4','2025-02-16 23:55:56','2025-02-16 17:55:56','2025-02-16 20:55:56','a20032718@gmail.com',1),(175,'어항2','2025-02-17 00:27:44','2025-02-16 18:27:44','2025-02-16 21:27:44','t123',1),(176,'어항 2','2025-02-17 16:00:44','2025-02-17 16:00:40','2025-02-17 16:01:27','jo',1),(178,'dajeong123 의 어항','2025-02-17 02:42:39','2025-02-16 20:42:39','2025-02-16 23:42:39','dajeong123',1),(182,'힐링어항','2025-02-20 02:02:14','2025-02-20 02:02:13','2025-02-20 02:02:10','moolgogi',1),(183,'내 어항1','2025-02-19 15:37:03','2025-02-19 15:37:07','2025-02-19 15:36:46','hslee0912@gmail.com',3),(184,'어항 2','2025-02-18 23:38:21','2025-02-18 23:38:17','2025-02-18 23:38:42','hslee0912@gmail.com',1),(192,'tt123 의 어항','2025-02-17 07:41:36','2025-02-17 07:41:34','2025-02-17 02:36:07','tt123',2),(196,'dnjsrua0514@gmail.com 의 어항','2025-02-17 09:35:42','2025-02-17 09:35:36','2025-02-12 08:34:09','dnjsrua0514@gmail.com',1),(200,'f 의 어항','2025-02-16 09:03:59','2025-02-07 15:03:59','2025-02-12 15:03:59','f',1),(206,'어항 4','2025-02-16 19:22:19','2025-02-08 01:22:19','2025-02-13 01:22:19','user1',1),(207,'어항 5','2025-02-16 19:22:20','2025-02-08 01:22:20','2025-02-13 01:22:20','user1',1),(208,'어항 3','2025-02-16 19:37:05','2025-02-08 01:37:05','2025-02-13 01:37:05','test',1),(209,'hi 의 어항','2025-02-16 19:41:52','2025-02-18 02:53:12','2025-02-18 02:55:13','hi',1),(211,'kkgojn@gmail.com 의 어항','2025-02-16 19:44:41','2025-02-08 01:44:41','2025-02-13 01:44:41','kkgojn@gmail.com',1),(212,'qwerqwer 의 어항','2025-02-18 03:10:16','2025-02-18 03:10:35','2025-02-18 03:10:33','qwerqwer',1),(213,'alswp936936@gmail.com 의 어항','2025-02-16 20:05:06','2025-02-08 02:05:06','2025-02-13 02:05:06','alswp936936@gmail.com',3),(214,'ssafykms@gmail.com 의 어항','2025-02-18 03:09:38','2025-02-18 03:08:43','2025-02-18 03:09:04','ssafykms@gmail.com',3),(215,'akacast01 의 어항','2025-02-18 03:12:49','2025-02-18 03:19:19','2025-02-18 03:20:00','akacast01',2),(216,'귀여워','2025-02-19 00:36:01','2025-02-19 00:36:02','2025-02-19 00:36:08','test_yj',1),(217,'어항 2','2025-02-16 20:18:59','2025-02-08 02:18:59','2025-02-13 02:18:59','akacast01',1),(218,'moomu.like 의 어항','2025-02-18 03:22:21','2025-02-18 03:22:18','2025-02-18 03:20:43','moomu.like',1),(222,'ssafy 의 어항','2025-02-16 20:50:16','2025-02-08 02:50:16','2025-02-13 02:50:16','ssafy',3),(223,'어항 2','2025-02-16 20:51:49','2025-02-08 02:51:49','2025-02-13 02:51:49','ssafy',1),(224,'kate010117@gmail.com 의 어항','2025-02-16 21:52:17','2025-02-08 03:52:17','2025-02-13 03:52:17','kate010117@gmail.com',1),(225,'rong030304 의 어항','2025-02-18 05:26:27','2025-02-18 05:07:03','2025-02-18 05:09:55','rong030304',2),(229,'yoonr72 의 어항','2025-02-19 07:12:18','2025-02-19 06:20:51','2025-02-19 06:21:04','yoonr72',3),(234,'songhun829@ajou.ac.kr 의 어항','2025-02-18 07:13:22','2025-02-18 07:13:04','2025-02-18 07:13:19','songhun829@ajou.ac.kr',1),(235,'내첫번째어항','2025-02-18 07:34:14','2025-02-18 07:34:12','2025-02-18 07:34:26','misterlee95@gmail.com',3),(236,'어항 2','2025-02-17 00:30:09','2025-02-08 06:30:09','2025-02-13 06:30:09','misterlee95@gmail.com',1),(237,'어항 이름 수정','2025-02-19 00:43:13','2025-02-19 00:43:12','2025-02-19 00:43:20','tutorial',1),(239,'어항 2','2025-02-17 00:56:52','2025-02-08 06:56:52','2025-02-13 06:56:52','tutorial',2),(240,'어항 2','2025-02-17 01:17:31','2025-02-08 07:17:31','2025-02-13 07:17:31','jjin4363@gmail.com',1),(241,'어항 3','2025-02-17 01:17:32','2025-02-08 07:17:32','2025-02-13 07:17:32','jjin4363@gmail.com',1),(244,'moolgogi3 의 어항','2025-02-18 12:20:23','2025-02-18 12:20:21','2025-02-18 12:20:15','moolgogi3',3),(246,'ramge1324@gmail.com 의 어항','2025-02-18 14:05:14','2025-02-18 14:05:09','2025-02-13 13:03:30','ramge1324@gmail.com',2),(247,'test123 의 어항','2025-02-17 07:03:59','2025-02-18 14:04:53','2025-02-13 13:03:59','test123',3),(248,'어항 2','2025-02-17 07:04:03','2025-02-08 13:04:03','2025-02-13 13:04:03','ramge1324@gmail.com',1),(249,'어항 3','2025-02-17 07:04:11','2025-02-08 13:04:11','2025-02-13 13:04:11','ramge1324@gmail.com',1),(250,'어두운','2025-02-19 22:07:57','2025-02-19 22:07:52','2025-02-19 22:07:57','ejoyee',3),(251,'sdfkln 의 어항','2025-02-19 00:32:56','2025-02-19 00:31:56','2025-02-19 00:32:54','sdfkln',1),(254,'어항 3','2025-02-19 02:28:48','2025-02-19 02:28:46','2025-02-19 02:29:18','heon',1),(255,'wldms3333@gmail.com 의 어항','2025-02-17 23:45:10','2025-02-09 05:45:10','2025-02-14 05:45:10','wldms3333@gmail.com',1),(256,'admin 의 어항','2025-02-17 23:45:22','2025-02-09 05:45:22','2025-02-14 05:45:22','admin',1),(257,'kimyejin0044@gmail.com 의 어항','2025-02-17 23:45:35','2025-02-09 05:45:35','2025-02-14 05:45:35','kimyejin0044@gmail.com',3),(259,'admin12 의 어항','2025-02-17 23:46:18','2025-02-09 05:46:18','2025-02-14 05:46:18','admin12',1),(260,'admin4a 의 어항','2025-02-17 23:46:50','2025-02-09 05:46:50','2025-02-14 05:46:50','admin4a',1),(261,'roya0818 의 어항','2025-02-19 06:48:58','2025-02-19 06:48:35','2025-02-19 06:48:52','roya0818',1),(262,'wkdqhrhkd12@gmail.com 의 어항','2025-02-17 23:48:48','2025-02-09 05:48:48','2025-02-14 05:48:48','wkdqhrhkd12@gmail.com',1),(263,'dlawoduf16@naver.com 의 어항','2025-02-19 06:54:10','2025-02-19 06:54:07','2025-02-19 06:56:43','dlawoduf16@naver.com',3),(264,'어항 2','2025-02-17 23:49:33','2025-02-09 05:49:33','2025-02-14 05:49:33','dlawoduf16@naver.com',1),(266,'fkdldj4857@gmail.com 의 어항','2025-02-17 23:53:54','2025-02-09 05:53:54','2025-02-14 05:53:54','fkdldj4857@gmail.com',3),(267,'cavy1234 의 어항','2025-02-17 23:54:27','2025-02-09 05:54:27','2025-02-14 05:54:27','cavy1234',3),(268,'qwsxza019@gmail.com 의 어항','2025-02-17 23:55:45','2025-02-09 05:55:45','2025-02-14 05:55:45','qwsxza019@gmail.com',1),(269,'웜뱃의 어항','2025-02-19 07:00:14','2025-02-19 06:59:48','2025-02-19 07:00:08','ssafy0626@gmail.com',1),(270,'sea 의 어항','2025-02-17 23:58:15','2025-02-09 05:58:15','2025-02-14 05:58:15','sea',3),(271,'soohong0311@gmail.com 의 어항','2025-02-17 23:58:47','2025-02-09 05:58:47','2025-02-14 05:58:47','soohong0311@gmail.com',1),(272,'어항 2','2025-02-17 23:58:58','2025-02-09 05:58:58','2025-02-14 05:58:58','sea',1),(273,'지옥도','2025-02-19 07:06:11','2025-02-19 07:05:08','2025-02-19 07:05:43','sejong980929nini@gmail.com',3),(274,'duk9741@gmail.com 의 어항','2025-02-18 00:04:59','2025-02-19 07:05:44','2025-02-19 07:05:57','duk9741@gmail.com',2),(275,'어항 2','2025-02-18 00:05:28','2025-02-09 06:05:28','2025-02-14 06:05:28','duk9741@gmail.com',1),(276,'haha 의 어항','2025-02-18 00:05:54','2025-02-09 06:05:54','2025-02-14 06:05:54','haha',1),(277,'chlwodlrzzang@gmail.com 의 어항','2025-02-19 07:11:31','2025-02-19 07:11:15','2025-02-14 06:07:54','chlwodlrzzang@gmail.com',3),(278,'gksals9563@gmail.com 의 어항','2025-02-18 00:10:55','2025-02-09 06:10:55','2025-02-14 06:10:55','gksals9563@gmail.com',2),(280,'tpdbs0701@gmail.com 의 어항','2025-02-19 07:17:20','2025-02-19 07:17:14','2025-02-19 07:15:55','tpdbs0701@gmail.com',3),(281,'어항 2','2025-02-18 00:14:02','2025-02-19 07:22:28','2025-02-19 07:22:20','tpdbs0701@gmail.com',3),(284,'goeun.kim362@gmail.com 의 어항','2025-02-18 00:18:20','2025-02-09 06:18:20','2025-02-14 06:18:20','goeun.kim362@gmail.com',3),(285,'블탱지옥','2025-02-19 07:34:42','2025-02-19 07:34:40','2025-02-14 06:20:53','sejong980929nini@gmail.com',1),(286,'don0421865@gmail.com 의 어항','2025-02-18 00:22:26','2025-02-19 07:25:27','2025-02-14 06:22:26','don0421865@gmail.com',1),(287,'rmsgnl111@gmail.com 의 어항','2025-02-18 00:33:13','2025-02-09 06:33:13','2025-02-14 06:33:13','rmsgnl111@gmail.com',3),(288,'어항 3','2025-02-18 00:37:56','2025-02-09 06:37:56','2025-02-14 06:37:56','sejong980929nini@gmail.com',1),(289,'test11 의 어항','2025-02-19 08:28:53','2025-02-19 07:43:31','2025-02-19 07:43:51','test11',3),(290,'qkrdptmd1101@gmail.com 의 어항','2025-02-18 00:50:23','2025-02-09 06:50:23','2025-02-14 06:50:23','qkrdptmd1101@gmail.com',1),(291,'111 의 어항','2025-02-18 00:56:49','2025-02-09 06:56:49','2025-02-14 06:56:49','111',3),(292,'sjkim2243@gmail.com 의 어항','2025-02-18 01:07:06','2025-02-09 07:07:06','2025-02-14 07:07:06','sjkim2243@gmail.com',2),(293,'frndhoon@gmail.com 의 어항','2025-02-19 08:14:38','2025-02-19 08:13:54','2025-02-19 08:14:16','frndhoon@gmail.com',3),(294,'어항 2','2025-02-18 01:13:26','2025-02-09 07:13:26','2025-02-14 07:13:26','frndhoon@gmail.com',1),(295,'cakejuuu@gmail.com 의 어항','2025-02-18 01:21:48','2025-02-09 07:21:48','2025-02-14 07:21:48','cakejuuu@gmail.com',2),(296,'aqwera 의 어항','2025-02-18 01:24:58','2025-02-09 07:24:58','2025-02-14 07:24:58','aqwera',1),(297,'burdoger  의 어항','2025-02-18 01:25:48','2025-02-09 07:25:48','2025-02-14 07:25:48','burdoger ',1),(298,'null 의 어항','2025-02-18 01:35:03','2025-02-09 07:35:03','2025-02-14 07:35:03','null',2),(299,'thsgnstj0512@gmail.com 의 어항','2025-02-18 01:35:38','2025-02-09 07:35:38','2025-02-14 07:35:38','thsgnstj0512@gmail.com',1),(300,'dsfs 의 어항','2025-02-19 08:44:44','2025-02-19 08:44:35','2025-02-19 08:48:08','dsfs',3),(301,'어항 2','2025-02-19 08:48:46','2025-02-19 08:48:27','2025-02-19 08:48:34','dsfs',2),(302,'jjjjjuuuuu123456@gmail.com 의 어항','2025-02-18 01:46:52','2025-02-09 07:46:52','2025-02-19 08:47:35','jjjjjuuuuu123456@gmail.com',1),(303,'test@n.com 의 어항','2025-02-19 08:51:56','2025-02-19 08:52:04','2025-02-19 08:51:21','test@n.com',1),(304,'어항 3','2025-02-19 08:49:02','2025-02-19 08:49:00','2025-02-19 08:48:58','dsfs',1),(305,'어항 4','2025-02-19 08:49:23','2025-02-19 08:49:18','2025-02-19 08:49:22','dsfs',1),(306,'어항 5','2025-02-19 08:49:31','2025-02-19 08:49:27','2025-02-19 08:49:30','dsfs',1),(307,'cookuk1324@gmail.com 의 어항','2025-02-19 08:48:50','2025-02-19 08:48:52','2025-02-14 07:47:25','cookuk1324@gmail.com',3),(310,'kkbonv 의 어항','2025-02-18 01:49:28','2025-02-09 07:49:28','2025-02-14 07:49:28','kkbonv',1),(311,'fightj1234567@gmail.com 의 어항','2025-02-19 08:51:08','2025-02-19 08:53:16','2025-02-19 08:53:57','fightj1234567@gmail.com',1),(312,'chltndus104 의 어항','2025-02-18 03:06:20','2025-02-09 09:06:20','2025-02-14 09:06:20','chltndus104',1),(313,'ys89827 의 어항','2025-02-19 13:28:31','2025-02-19 10:20:15','2025-02-19 10:20:20','ys89827',3),(315,'sks8450gh 의 어항','2025-02-18 04:10:29','2025-02-09 10:10:29','2025-02-14 10:10:29','sks8450gh',2),(316,'어항 1','2025-02-18 05:02:23','2025-02-09 11:02:23','2025-02-14 11:02:23','sks8450gh',2),(320,'123 의 어항','2025-02-18 05:37:25','2025-02-09 11:37:25','2025-02-14 11:37:25','123',1),(321,'어항 2','2025-02-18 05:37:40','2025-02-09 11:37:40','2025-02-14 11:37:40','123',1),(322,'어항 3','2025-02-18 05:38:35','2025-02-09 11:38:35','2025-02-14 11:38:35','123',1),(324,'블루탱만','2025-02-20 01:57:00','2025-02-20 01:57:02','2025-02-20 02:02:02','moolgogi',1),(325,'흐에에에겍','2025-02-20 00:58:51','2025-02-19 23:57:11','2025-02-14 22:55:08','rnqhscjf3333',3),(326,'euna0920 의 어항','2025-02-20 00:18:07','2025-02-20 00:17:02','2025-02-20 00:18:52','euna0920',1);
/*!40000 ALTER TABLE `aquarium` ENABLE KEYS */;
UNLOCK TABLES;

--
-- Table structure for table `aquarium_background`
--

DROP TABLE IF EXISTS `aquarium_background`;
/*!40101 SET @saved_cs_client     = @@character_set_client */;
/*!50503 SET character_set_client = utf8mb4 */;
CREATE TABLE `aquarium_background` (
  `id` int NOT NULL AUTO_INCREMENT,
  `image_url` text,
  PRIMARY KEY (`id`)
) ENGINE=InnoDB AUTO_INCREMENT=4 DEFAULT CHARSET=utf8mb4 COLLATE=utf8mb4_0900_ai_ci;
/*!40101 SET character_set_client = @saved_cs_client */;

--
-- Dumping data for table `aquarium_background`
--

LOCK TABLES `aquarium_background` WRITE;
/*!40000 ALTER TABLE `aquarium_background` DISABLE KEYS */;
INSERT INTO `aquarium_background` VALUES (1,'/bg1.png'),(2,'/bg2.png'),(3,'/bg3.png');
/*!40000 ALTER TABLE `aquarium_background` ENABLE KEYS */;
UNLOCK TABLES;

--
-- Table structure for table `fish_type`
--

DROP TABLE IF EXISTS `fish_type`;
/*!40101 SET @saved_cs_client     = @@character_set_client */;
/*!50503 SET character_set_client = utf8mb4 */;
CREATE TABLE `fish_type` (
  `id` int NOT NULL AUTO_INCREMENT,
  `image_url` text,
  `fish_name` varchar(100) DEFAULT NULL,
  `rarity` varchar(50) DEFAULT 'COMMON',
  `size` varchar(255) DEFAULT NULL,
  PRIMARY KEY (`id`)
) ENGINE=InnoDB AUTO_INCREMENT=301 DEFAULT CHARSET=utf8mb4 COLLATE=utf8mb4_0900_ai_ci;
/*!40101 SET character_set_client = @saved_cs_client */;

--
-- Dumping data for table `fish_type`
--

LOCK TABLES `fish_type` WRITE;
/*!40000 ALTER TABLE `fish_type` DISABLE KEYS */;
INSERT INTO `fish_type` VALUES (1,'/블루탱.png','블루탱','COMMON','S'),(2,'/클라운피쉬.png','클라운피쉬','RARE','S'),(3,'/임페리얼엔젤피쉬.png','임페리얼엔젤피쉬','EPIC','S'),(4,'/옐로우탱.png','옐로우탱','COMMON','S'),(5,'/무어이들.png','무어이들','RARE','S'),(6,'/플레임엔젤피쉬.png','플레임엔젤피쉬','RARE','S'),(7,'/해마.png','해마','EPIC','XS'),(8,'/성게.png','성게','jjin4363@gmail.com','S'),(9,'/ㅇㅇ.png','ㅇㅇ','jjin4363@gmail.com','S'),(10,'/연가시.png','연가시','dlsxj101','S'),(11,'/무지개.png','무지개','heon','S'),(12,'/핑크파리.png','핑크파리','ejej','S'),(13,'/푸딩물고기2세.png','푸딩물고기2세','ejoyee','S'),(14,'/레드피크민.png','레드피크민','test_yj','S'),(15,'/클리오네.png','클리오네','EPIC','XS'),(16,'/오렌지고기.png','오렌지고기','moolgogi','S'),(17,'/바위피크민.png','바위피크민','test_yj','S'),(18,'/Black.png','Black','t123','S'),(19,'/Red.png','Red','t123','S'),(20,'/Blue.png','Blue','t123','S'),(21,'/Purple.png','Purple','t123','S'),(22,'/노랑피크민.png','노랑피크민','test_yj','S'),(23,'/개복치.png','개복치','EPIC','L'),(24,'/파랑피크민.png','파랑피크민','test_yj','S'),(25,'/슬라임.png','슬라임','jjin4363@gmail.com','S'),(26,'/거북선이되고싶은거북이.png','거북선이되고싶은거북이','moolgogi','S'),(27,'/노랑나비물고기.png','노랑나비물고기','COMMON','S'),(28,'/덤보문어.png','덤보문어','COMMON','S'),(29,'/보름달물해파리.png','보름달물해파리','RARE','S'),(30,'/초코칩불가사리.png','초코칩불가사리','EPIC','S'),(31,'/레전드 물고기.png','레전드 물고기','t123','S'),(32,'/물코기.png','물코기','Airdex','S'),(33,'/Pink.png','Pink','t123','S'),(34,'/물속에서물뿜는고래.png','물속에서물뿜는고래','moolgogi','S'),(35,'/부끄러운핑크고래.png','부끄러운핑크고래','ejej','S'),(36,'/고래밥.png','고래밥','kdyveliz','S'),(37,'/테무 스폰지밥.png','테무 스폰지밥','Airdex','S'),(38,'/냥냥이.png','냥냥이','kdyveliz','S'),(39,'/초록물고기.png','초록물고기','test123123','S'),(40,'/테무빵맨.png','테무빵맨','Airdex','S'),(41,'/물고기.png','물고기','Airdex','S'),(42,'/물고기2.png','물고기2','test','S'),(43,'/정우물고기.png','정우물고기','ejoyee','S'),(44,'/아나콘다.png','아나콘다','qwer','S'),(45,'/테무바지스폰지밥.png','테무바지스폰지밥','Airdex','S'),(46,'/하트동동.png','하트동동','hyunddo','S'),(47,'/바보탱.png','바보탱','soomini','S'),(48,'/웃음.png','웃음','dlsxj101','S'),(49,'/불가마리오.png','불가마리오','hyunddo','S'),(50,'/파란하트.png','파란하트','ejoyee','S'),(51,'/오렌지.png','오렌지','ejoyee','S'),(52,'/토끼.png','토끼','ejoyee','S'),(53,'/플랑크톤.png','플랑크톤','Airdex','XL'),(54,'/테무식빵맨.png','테무식빵맨','Airdex','XL'),(55,'/휘잉.png','휘잉','ejoyee','XL'),(56,'/골뱅이.png','골뱅이','dlsxj101','XL'),(57,'/날개피크민.png','날개피크민','test_yj','XL'),(58,'/고래고기.png','고래고기','moolgogi3','XL'),(59,'/얼음피크민.png','얼음피크민','test_yj','L'),(60,'/골아파덕.png','골아파덕','ejoyee','XL'),(61,'/물거품.png','물거품','ejoyee','L'),(62,'/럭키피시.png','럭키피시','dlsxj101','XL'),(63,'/쵱환피쉬.png','쵱환피쉬','hyunddo','M'),(64,'/ssafy.png','ssafy','jjin4363@gmail.com','XL'),(65,'/홍어.png','홍어','admin','XL'),(66,'/꼬기물.png','꼬기물','skdud5126','XL'),(67,'/작은고래.png','작은고래','EPIC','L'),(68,'/비단금붕어.png','비단금붕어','COMMON','S'),(69,'/거북이.png','거북이','EPIC','M'),(70,'/작은개복치.png','작은개복치','RARE','M'),(71,'/불고기.png','불고기','heon','S'),(72,'/s.png','s','kimyeobin1','S'),(73,'/불가마리오2.png','불가마리오2','dlsxj101','XL'),(74,'/노랑문어.png','노랑문어','ejej','L'),(75,'/타코야끼.png','타코야끼','ejej','XS'),(76,'/호머심해슨.png','호머심해슨','kwy','S'),(78,'/구래.png','구래','heon','S'),(79,'/냥.png','냥','zeeyeonleee@gmail.com','M'),(80,'/물고냥.png','물고냥','jiin','S'),(81,'/유령잉.png','유령잉','zeeyeonleee@gmail.com','M'),(82,'/거대냥.png','거대냥','zeeyeonleee@gmail.com','S'),(83,'/ㅐㅔ.png','ㅐㅔ','kkgojn@gmail.com','XL'),(84,'/불가마리오3.png','불가마리오3','hyunddo','L'),(85,'/대방어.png','대방어','RARE','L'),(86,'/카레많이먹은가람.png','카레많이먹은가람','jiin','XL'),(87,'/못난복어.png','못난복어','RARE','S'),(88,'/흰수염고래.png','흰수염고래','EPIC','L'),(89,'/물총.png','물총','Airdex','XL'),(90,'/정우물고기.png','정우물고기','user1','S'),(91,'/오렌지.png','오렌지','user1','S'),(92,'/내물고기1.png','내물고기1','hslee0912@gmail.com','XL'),(93,'/슬라임.png','슬라임','user1','S'),(94,'/푸딩물고기2세.png','푸딩물고기2세','heon','S'),(95,'/불가마리오2.png','불가마리오2','heon','XL'),(96,'/불가마리오2.png','불가마리오2','ejoyee','XL'),(97,'/토끼.png','토끼','ejej','S'),(98,'/물거품.png','물거품','ejej','L'),(99,'/푸딩물고기2세.png','푸딩물고기2세','ejej','S'),(100,'/거북선이되고싶은거북이.png','거북선이되고싶은거북이','ejej','S'),(101,'/부끄러운핑크고래.png','부끄러운핑크고래','moolgogi','S'),(102,'/타코야끼.png','타코야끼','moolgogi','XS'),(103,'/노랑문어.png','노랑문어','moolgogi','L'),(104,'/핑크파리.png','핑크파리','moolgogi','S'),(105,'/푸딩물고기2세.png','푸딩물고기2세','jjin4363@gmail.com','S'),(106,'/레드피크민.png','레드피크민','jjin4363@gmail.com','S'),(107,'/파랑피크민.png','파랑피크민','jjin4363@gmail.com','S'),(108,'/푸딩물고기2세.png','푸딩물고기2세','moolgogi','S'),(109,'/불가마리오2.png','불가마리오2','moolgogi','XL'),(110,'/골아파덕.png','골아파덕','moolgogi','XL'),(111,'/오렌지.png','오렌지','moolgogi','S'),(112,'/불고기.png','불고기','moolgogi','S'),(113,'/구래.png','구래','moolgogi','S'),(114,'/럭키피시.png','럭키피시','moolgogi','XL'),(115,'/내물고기1.png','내물고기1','ejoyee','XL'),(116,'/슬라임.png','슬라임','test_yj','S'),(117,'/내물고기1.png','내물고기1','heon','XL'),(118,'/얼음피크민.png','얼음피크민','jjin4363@gmail.com','L'),(119,'/날개피크민.png','날개피크민','jjin4363@gmail.com','XL'),(120,'/노랑피크민.png','노랑피크민','jjin4363@gmail.com','S'),(121,'/바위피크민.png','바위피크민','jjin4363@gmail.com','S'),(122,'/정우물고기.png','정우물고기','hslee0912@gmail.com','S'),(123,'/골아파덕.png','골아파덕','test_yj','XL'),(124,'/주황버섯.png','주황버섯','test_yj','M'),(125,'/토끼.png','토끼','hslee0912@gmail.com','S'),(126,'/주황버섯.png','주황버섯','jjin4363@gmail.com','M'),(127,'/골아파덕.png','골아파덕','jjin4363@gmail.com','XL'),(128,'/빨간달팽이.png','빨간달팽이','test_yj','S'),(129,'/메타몽.png','메타몽','ejoyee','M'),(130,'/물고기임.png','물고기임','tt123','S'),(131,'/포차코기.png','포차코기','ejej','S'),(132,'/포차코기2.png','포차코기2','ejej','M'),(133,'/구래.png','구래','ejoyee','S'),(134,'/불고기.png','불고기','ejoyee','S'),(135,'/무지개.png','무지개','ejoyee','S'),(136,'/핑크파리.png','핑크파리','eejj','S'),(137,'/노랑문어.png','노랑문어','eejj','L'),(138,'/부끄러운핑크고래.png','부끄러운핑크고래','eejj','S'),(139,'/타코야끼.png','타코야끼','eejj','XS'),(140,'/토끼.png','토끼','eejj','S'),(141,'/포차코기2.png','포차코기2','eejj','M'),(142,'/물거품.png','물거품','eejj','L'),(143,'/푸딩물고기2세.png','푸딩물고기2세','eejj','S'),(144,'/거북선이되고싶은거북이.png','거북선이되고싶은거북이','eejj','S'),(145,'/오렌지.png','오렌지','heon','S'),(146,'/꼬기물.png','꼬기물','user1','XL'),(147,'/aaa.png','aaa','dlsxj101','S'),(148,'/하트동동.png','하트동동','dlsxj101','S'),(149,'/고래밥.png','고래밥','user1','S'),(150,'/플랑크톤.png','플랑크톤','user1','XL'),(151,'/테무 스폰지밥.png','테무 스폰지밥','user1','S'),(152,'/호머심해슨.png','호머심해슨','user1','S'),(153,'/물고냥.png','물고냥','user1','S'),(154,'/유령잉.png','유령잉','user1','M'),(155,'/거대냥.png','거대냥','user1','S'),(156,'/심해아귀.png','심해아귀','user1','S'),(157,'/보옥어.png','보옥어','user1','XL'),(158,'/빙수.png','빙수','ejoyee','L'),(159,'/소다빙수.png','소다빙수','ejoyee','M'),(160,'/소다빙수.png','소다빙수','heon','M'),(161,'/물고기2.png','물고기2','ejoyee','S'),(162,'/파랑피크민.png','파랑피크민','heon','S'),(163,'/주황버섯.png','주황버섯','heon','M'),(164,'/레드피크민.png','레드피크민','ejoyee','S'),(165,'/바위피크민.png','바위피크민','ejoyee','S'),(166,'/노랑피크민.png','노랑피크민','ejoyee','S'),(167,'/파랑피크민.png','파랑피크민','ejoyee','S'),(168,'/날개피크민.png','날개피크민','ejoyee','XL'),(169,'/얼음피크민.png','얼음피크민','ejoyee','L'),(170,'/주황버섯.png','주황버섯','ejoyee','M'),(171,'/빨간달팽이.png','빨간달팽이','ejoyee','S'),(172,'/딸기케이크.png','딸기케이크','ejoyee','M'),(173,'/토마토물고기.png','토마토물고기','ejoyee','M'),(174,'/나무물고기.png','나무물고기','heon','S'),(175,'/구름물고기.png','구름물고기','ejoyee','M'),(176,'/나무물고기.png','나무물고기','ejoyee','S'),(177,'/토마토물고기.png','토마토물고기','heon','M'),(178,'/구름물고기.png','구름물고기','heon','M'),(179,'/테스트.png','테스트','dlsxj101','L'),(180,'/마리오버섯.png','마리오버섯','ejoyee','M'),(181,'/브이키티.png','브이키티','ejoyee','L'),(182,'/소다빙수.png','소다빙수','jo','M'),(183,'/토마토물고기.png','토마토물고기','jo','M'),(184,'/브이키티.png','브이키티','jo','L'),(185,'/r.png','r','dlsxj101','S'),(186,'/포차코기2.png','포차코기2','jiin','M'),(187,'/빨간달팽이.png','빨간달팽이','t123','S'),(189,'/포차코기.png','포차코기','jiin','S'),(191,'/거북선이되고싶은거북이.png','거북선이되고싶은거북이','testuser','S'),(192,'/오나비.png','오나비','ejoyee','M'),(193,'/어서오쇼.png','어서오쇼','ejoyee','L'),(194,'/올토로스.png','올토로스','hslee0912@gmail.com','XL'),(195,'/슬라임.png','슬라임','ejoyee','S'),(196,'/토마토물고기.png','토마토물고기','95dmstjs','M'),(197,'/꼬기물.png','꼬기물','testuser','XL'),(198,'/플랑크톤.png','플랑크톤','testuser','XL'),(199,'/테무 스폰지밥.png','테무 스폰지밥','testuser','S'),(200,'/골아파덕.png','골아파덕','testuser','XL'),(201,'/워터토끼.png','워터토끼','jiin','M'),(202,'/모코코.png','모코코','test_yj','M'),(203,'/모코코.png','모코코','t123','M'),(204,'/기욤.png','기욤','testuser','S'),(205,'/아홀로틀.png','아홀로틀','jiin','M'),(206,'/어억.png','어억','testuser','XL'),(207,'/징징영한.png','징징영한','zeeyeonleee@gmail.com','XL'),(208,'/핑크빈.png','핑크빈','test_yj','L'),(209,'/끌락이.png','끌락이','zeeyeonleee@gmail.com','XL'),(210,'/부리부리피쉬.png','부리부리피쉬','akacast01','XS'),(211,'/예티.png','예티','test_yj','L'),(212,'/테무 스폰지밥.png','테무 스폰지밥','t123','S'),(213,'/진화한_끌락이.png','진화한_끌락이','zeeyeonleee@gmail.com','XL'),(214,'/qwerqwer.png','qwerqwer','qwerqwer','S'),(215,'/토마토물고기.png','토마토물고기','kwonseon','M'),(216,'/소다빙수.png','소다빙수','kwonseon','M'),(217,'/초록물고기.png','초록물고기','kwonseon','S'),(218,'/연가시.png','연가시','kwonseon','S'),(219,'/불가마리오2.png','불가마리오2','kwonseon','XL'),(220,'/하트동동.png','하트동동','kwonseon','S'),(221,'/행복한유령.png','행복한유령','eejj','S'),(222,'/작은금붕어.png','작은금붕어','tutorial','S'),(223,'/타코야끼.png','타코야끼','heon','XS'),(224,'/노랑문어.png','노랑문어','heon','L'),(225,'/123.png','123','ramge1324@gmail.com','S'),(226,'/미역물고기.png','미역물고기','ejoyee','L'),(227,'/머스터드물고기.png','머스터드물고기','ejoyee','L'),(228,'/레드피크민.png','레드피크민','heon','S'),(229,'/불가마리오2.png','불가마리오2','jo','XL'),(230,'/토끼.png','토끼','jo','S'),(231,'/정우물고기.png','정우물고기','jo','S'),(232,'/주황버섯.png','주황버섯','jo','M'),(233,'/싸피물고기.png','싸피물고기','heon','S'),(234,'/냥냥이.png','냥냥이','kwonseon','S'),(235,'/고래밥.png','고래밥','kwonseon','S'),(236,'/해파리.png','해파리','sdfkln','M'),(237,'/불가마리오2.png','불가마리오2','t123','XL'),(238,'/푸딩물고기2세.png','푸딩물고기2세','t123','S'),(239,'/빨강피크민.png','빨강피크민','95dmstjs','M'),(240,'/바보피크민.png','바보피크민','95dmstjs','XL'),(241,'/크게그리기.png','크게그리기','jjin4363@gmail.com','XL'),(242,'/토끼.png','토끼','moolgogi','S'),(243,'/소다빙수.png','소다빙수','moolgogi','M'),(244,'/레드피크민.png','레드피크민','moolgogi','S'),(245,'/파랑피크민.png','파랑피크민','moolgogi','S'),(246,'/주황버섯.png','주황버섯','moolgogi','M'),(247,'/토마토물고기.png','토마토물고기','moolgogi','M'),(248,'/정우물고기.png','정우물고기','moolgogi','S'),(249,'/토마토물고기.png','토마토물고기','ejej','M'),(250,'/레전드 물고기.png','레전드 물고기','heon','S'),(251,'/토끼.png','토끼','heon','S'),(252,'/공포의물고기.png','공포의물고기','kimyejin0044@gmail.com','XL'),(253,'/임재열.png','임재열','dlawoduf16@naver.com','XL'),(254,'/주황이.png','주황이','ssafy0626@gmail.com','M'),(255,'/내물고기.png','내물고기','sea','M'),(256,'/슬라임.png','슬라임','sejong980929nini@gmail.com','S'),(257,'/주황버섯.png','주황버섯','sejong980929nini@gmail.com','M'),(258,'/빨간달팽이.png','빨간달팽이','sejong980929nini@gmail.com','S'),(259,'/핑크빈.png','핑크빈','sejong980929nini@gmail.com','L'),(260,'/예티.png','예티','sejong980929nini@gmail.com','L'),(261,'/희귀Lv100.png','희귀Lv100','sejong980929nini@gmail.com','S'),(262,'/유령잉.png','유령잉','t123','M'),(263,'/노랑피크민.png','노랑피크민','yoonr72','S'),(264,'/유령잉.png','유령잉','yoonr72','M'),(265,'/골애.png','골애','goeun.kim362@gmail.com','XS'),(266,'/해피곰.png','해피곰','test11','XL'),(267,'/docker.png','docker','zeeyeonleee@gmail.com','XL'),(268,'/꼬기물.png','꼬기물','test11','XL'),(269,'/Jenkins.png','Jenkins','zeeyeonleee@gmail.com','XL'),(270,'/dd.png','dd','dsfs','S'),(271,'/내가그린키티.png','내가그린키티','test@n.com','XL'),(272,'/싸피물고기.png','싸피물고기','ejoyee','S'),(273,'/하드바물고기.png','하드바물고기','ejoyee','L'),(274,'/파랑이.png','파랑이','95dmstjs','L'),(275,'/돼지피쉬.png','돼지피쉬','ys89827','L'),(276,'/노랑이.png','노랑이','95dmstjs','XL'),(277,'/소다빙수.png','소다빙수','dlsxj101','M'),(278,'/토마토물고기.png','토마토물고기','dlsxj101','M'),(279,'/초록물고기.png','초록물고기','dlsxj101','S'),(280,'/docker.png','docker','dlsxj101','XL'),(281,'/Jenkins.png','Jenkins','dlsxj101','XL'),(282,'/징징영한.png','징징영한','dlsxj101','XL'),(283,'/유령잉.png','유령잉','dlsxj101','M'),(284,'/냥.png','냥','dlsxj101','M'),(285,'/끌락이.png','끌락이','dlsxj101','XL'),(286,'/진화한_끌락이.png','진화한_끌락이','dlsxj101','XL'),(287,'/빨간달팽이.png','빨간달팽이','dlsxj101','S'),(288,'/진화한_끌락이.png','진화한_끌락이','jiin','XL'),(289,'/진화한_끌락이.png','진화한_끌락이','moolgogi','XL'),(290,'/파란물고기.png','파란물고기','moolgogi','XL'),(291,'/포차코기2.png','포차코기2','moolgogi','M'),(292,'/Jenkins.png','Jenkins','hslee0912@gmail.com','XL'),(293,'/징징영한.png','징징영한','hslee0912@gmail.com','XL'),(294,'/물고기2.png','물고기2','rnqhscjf3333','S'),(295,'/웃는얼굴.png','웃는얼굴','rnqhscjf3333','XL'),(296,'/우는얼굴.png','우는얼굴','rnqhscjf3333','XL'),(297,'/docker.png','docker','hyunddo','XL'),(298,'/조은물고기.png','조은물고기','ejoyee','L'),(299,'/행복한유령.png','행복한유령','ejej','S'),(300,'/토마토물고기.png','토마토물고기','eejj','M');
/*!40000 ALTER TABLE `fish_type` ENABLE KEYS */;
UNLOCK TABLES;

--
-- Table structure for table `friend_relationship`
--

DROP TABLE IF EXISTS `friend_relationship`;
/*!40101 SET @saved_cs_client     = @@character_set_client */;
/*!50503 SET character_set_client = utf8mb4 */;
CREATE TABLE `friend_relationship` (
  `id` int NOT NULL AUTO_INCREMENT,
  `friend1_id` varchar(50) NOT NULL,
  `friend2_id` varchar(50) NOT NULL,
  `status` varchar(50) DEFAULT NULL,
  PRIMARY KEY (`id`),
  KEY `friend1_id` (`friend1_id`),
  KEY `friend2_id` (`friend2_id`),
  CONSTRAINT `friend_relationship_ibfk_1` FOREIGN KEY (`friend1_id`) REFERENCES `user` (`id`) ON DELETE CASCADE,
  CONSTRAINT `friend_relationship_ibfk_2` FOREIGN KEY (`friend2_id`) REFERENCES `user` (`id`) ON DELETE CASCADE
) ENGINE=InnoDB AUTO_INCREMENT=166 DEFAULT CHARSET=utf8mb4 COLLATE=utf8mb4_0900_ai_ci;
/*!40101 SET character_set_client = @saved_cs_client */;

--
-- Dumping data for table `friend_relationship`
--

LOCK TABLES `friend_relationship` WRITE;
/*!40000 ALTER TABLE `friend_relationship` DISABLE KEYS */;
INSERT INTO `friend_relationship` VALUES (3,'dlsxj101','ejoyee','ACCEPTED'),(4,'dlsxj101','ejej','ACCEPTED'),(7,'ejej','ejoyee','ACCEPTED'),(8,'ejej','jjin4363@gmail.com','ACCEPTED'),(9,'ejoyee','jjin4363@gmail.com','ACCEPTED'),(10,'eejj','ejej','ACCEPTED'),(11,'ssafy12e201@gmail.com','dlsxj101','ACCEPTED'),(12,'ejej','moolgogi','ACCEPTED'),(13,'soomini','ejej','ACCEPTED'),(17,'ejoyee','moolgogi','ACCEPTED'),(18,'kdyveliz','kwonseon','ACCEPTED'),(24,'test123123','jjin4363@gmail.com','ACCEPTED'),(29,'test','soomini','ACCEPTED'),(31,'poem1999515@gmail.com','moolgogi','ACCEPTED'),(32,'test','95dmstjs','ACCEPTED'),(33,'poem1999515@gmail.com','hyunddo','ACCEPTED'),(35,'dlsxj101','moolgogi','ACCEPTED'),(36,'dlsxj101','hyunddo','ACCEPTED'),(37,'frankh3w@gmail.com','dltkdghk1058@gmail.com','ACCEPTED'),(38,'heon','eejj','PENDING'),(43,'jjin4363@gmail.com','test_yj','ACCEPTED'),(44,'jjin4363@gmail.com','test','PENDING'),(47,'xhdxhd0308','jjin4363@gmail.com','ACCEPTED'),(48,'skdud5126','testuser','ACCEPTED'),(51,'ejoyee','95dmstjs','ACCEPTED'),(53,'kimyeobin','ejoyee','ACCEPTED'),(54,'soomini','qwer','ACCEPTED'),(55,'asdasd','dlsxj101','ACCEPTED'),(56,'ejej','kwy','ACCEPTED'),(61,'heon','moolgogi','ACCEPTED'),(62,'heon','ejej','ACCEPTED'),(63,'heon','dlsxj101','ACCEPTED'),(65,'zeeyeonleee@gmail.com','jiin','ACCEPTED'),(66,'reveryu96@gmail.com','jiin','ACCEPTED'),(70,'testuser','jiin','ACCEPTED'),(71,'helloworld','7504a','ACCEPTED'),(73,'t123','test_yj','ACCEPTED'),(79,'zeeyeonleee@gmail.com','a20032718@gmail.com','ACCEPTED'),(80,'heon','jjin4363@gmail.com','ACCEPTED'),(81,'heon','test_yj','ACCEPTED'),(82,'ejoyee','test_yj','ACCEPTED'),(83,'heon','hslee0912@gmail.com','ACCEPTED'),(84,'ejoyee','hslee0912@gmail.com','ACCEPTED'),(85,'ejej','test_yj','ACCEPTED'),(86,'tt123','test','PENDING'),(87,'ejej','jiin','ACCEPTED'),(88,'test','ejej','ACCEPTED'),(89,'user1','helloworld','PENDING'),(92,'heon','user1','ACCEPTED'),(95,'zeeyeonleee@gmail.com','soomini','ACCEPTED'),(98,'jjin4363@gmail.com','Airdex','ACCEPTED'),(99,'jjin4363@gmail.com','eejj','PENDING'),(103,'t123','7504a','PENDING'),(104,'testuser','ejej','ACCEPTED'),(105,'hslee0912@gmail.com','tt123','PENDING'),(106,'soomini','95dmstjs','ACCEPTED'),(107,'ejej','95dmstjs','ACCEPTED'),(108,'testuser','hi','ACCEPTED'),(109,'jiin','hi','ACCEPTED'),(110,'skdud5126','hi','ACCEPTED'),(111,'skdud5126','jiin','ACCEPTED'),(112,'testuser','zeeyeonleee@gmail.com','ACCEPTED'),(113,'jiin','test_yj','ACCEPTED'),(114,'hi','qwerqwer','ACCEPTED'),(115,'qwerqwer','jiin','ACCEPTED'),(116,'ejej','qwerqwer','ACCEPTED'),(117,'kwonseon','jo','PENDING'),(118,'kwonseon','alswp936936@gmail.com','PENDING'),(119,'kwonseon','test123123','PENDING'),(120,'kwonseon','a20032718@gmail.com','PENDING'),(121,'kwonseon','dnjsrua0514@gmail.com','PENDING'),(122,'zeeyeonleee@gmail.com','qwer','PENDING'),(123,'tutorial','moolgogi','ACCEPTED'),(124,'dlsxj101','f','ACCEPTED'),(125,'kwonseon','dltkdghk1058@gmail.com','PENDING'),(126,'jo','ejoyee','ACCEPTED'),(127,'zeeyeonleee@gmail.com','frankh3w@gmail.com','PENDING'),(128,'kwonseon','sdfkln','ACCEPTED'),(129,'kdyveliz','sdfkln','ACCEPTED'),(130,'jjin4363@gmail.com','dlsxj101','ACCEPTED'),(131,'heon','jo','ACCEPTED'),(136,'zeeyeonleee@gmail.com','jjin4363@gmail.com','ACCEPTED'),(137,'jjin4363@gmail.com','hyunddo','ACCEPTED'),(139,'ssafy0626@gmail.com','jh.nam0324@gmail.com','PENDING'),(140,'sea','soohong0311@gmail.com','ACCEPTED'),(141,'ssafy0626@gmail.com','soohong0311@gmail.com','ACCEPTED'),(142,'sejong980929nini@gmail.com','yoonr72','ACCEPTED'),(143,'sejong980929nini@gmail.com','kimyejin0044@gmail.com','PENDING'),(144,'sejong980929nini@gmail.com','rong030304','PENDING'),(145,'sejong980929nini@gmail.com','test_yj','ACCEPTED'),(146,'chlwodlrzzang@gmail.com','ssafy','PENDING'),(147,'test_yj','yoonr72','ACCEPTED'),(148,'yoonr72','t123','ACCEPTED'),(149,'test11','qwer','PENDING'),(150,'test11','rong030304','PENDING'),(151,'test11','skdud5126','PENDING'),(154,'kwonseon','f','ACCEPTED'),(155,'kwonseon','fightj1234567@gmail.com','PENDING'),(156,'hyunddo','dajeong123','PENDING'),(157,'hyunddo','f','ACCEPTED'),(158,'heon','hyunddo','ACCEPTED'),(159,'ejoyee','heon','ACCEPTED'),(160,'dlsxj101','chltndus104','PENDING'),(161,'dlsxj101','hslee0912@gmail.com','ACCEPTED'),(162,'Airdex','dlsxj101','ACCEPTED'),(163,'Airdex','admin','PENDING'),(164,'Airdex','hyunddo','ACCEPTED'),(165,'Airdex','heon','ACCEPTED');
/*!40000 ALTER TABLE `friend_relationship` ENABLE KEYS */;
UNLOCK TABLES;

--
-- Table structure for table `notification`
--

DROP TABLE IF EXISTS `notification`;
/*!40101 SET @saved_cs_client     = @@character_set_client */;
/*!50503 SET character_set_client = utf8mb4 */;
CREATE TABLE `notification` (
  `id` int NOT NULL AUTO_INCREMENT,
  `user_id` varchar(50) NOT NULL,
  `type` varchar(50) DEFAULT NULL,
  `data` varchar(255) NOT NULL,
  `message` varchar(255) NOT NULL,
  `status` tinyint(1) DEFAULT '0',
  `created_at` timestamp NULL DEFAULT CURRENT_TIMESTAMP,
  PRIMARY KEY (`id`),
  KEY `user_id` (`user_id`),
  CONSTRAINT `notification_ibfk_1` FOREIGN KEY (`user_id`) REFERENCES `user` (`id`) ON DELETE CASCADE
) ENGINE=InnoDB AUTO_INCREMENT=1387 DEFAULT CHARSET=utf8mb4 COLLATE=utf8mb4_0900_ai_ci;
/*!40101 SET character_set_client = @saved_cs_client */;

--
-- Dumping data for table `notification`
--

LOCK TABLES `notification` WRITE;
/*!40000 ALTER TABLE `notification` DISABLE KEYS */;
INSERT INTO `notification` VALUES (43,'ssafy12e201@gmail.com','FRIEND ACCEPT','11','dlsxj101님께서 친구를 수락하였습니다.',1,'2025-02-13 11:01:10'),(74,'soomini','FRIEND ACCEPT','13','ejej님께서 친구를 수락하였습니다.',1,'2025-02-14 00:25:09'),(119,'kwonseon','FRIEND REQUEST','18','kdyveliz님께서 친구를 요청하였습니다.',1,'2025-02-14 01:25:53'),(128,'kdyveliz','FRIEND ACCEPT','18','kwonseon님께서 친구를 수락하였습니다.',1,'2025-02-14 01:35:47'),(129,'jo','FRIEND ACCEPT','19','heon님께서 친구를 수락하였습니다.',1,'2025-02-14 01:36:29'),(132,'kdyveliz','GAME INVITE','bc9fabcb-c870-438b-8d63-3f077f1a1a29','kwonseon님께서 게임에 초대하였습니다.',1,'2025-02-14 01:39:28'),(133,'kdyveliz','GAME INVITE','bc9fabcb-c870-438b-8d63-3f077f1a1a29','kwonseon님께서 게임에 초대하였습니다.',1,'2025-02-14 01:39:36'),(134,'kdyveliz','GAME INVITE','bc9fabcb-c870-438b-8d63-3f077f1a1a29','kwonseon님께서 게임에 초대하였습니다.',1,'2025-02-14 01:40:34'),(138,'kdyveliz','GAME INVITE','bc9fabcb-c870-438b-8d63-3f077f1a1a29','kwonseon님께서 게임에 초대하였습니다.',1,'2025-02-14 01:41:22'),(140,'kdyveliz','GAME INVITE','bc9fabcb-c870-438b-8d63-3f077f1a1a29','kwonseon님께서 게임에 초대하였습니다.',1,'2025-02-14 01:43:16'),(141,'kdyveliz','GAME INVITE','bc9fabcb-c870-438b-8d63-3f077f1a1a29','kwonseon님께서 게임에 초대하였습니다.',1,'2025-02-14 01:43:59'),(142,'kdyveliz','GAME INVITE','bc9fabcb-c870-438b-8d63-3f077f1a1a29','kwonseon님께서 게임에 초대하였습니다.',1,'2025-02-14 01:44:12'),(143,'kdyveliz','GAME INVITE','bc9fabcb-c870-438b-8d63-3f077f1a1a29','kwonseon님께서 게임에 초대하였습니다.',1,'2025-02-14 01:44:59'),(144,'kdyveliz','GAME INVITE','bc9fabcb-c870-438b-8d63-3f077f1a1a29','kwonseon님께서 게임에 초대하였습니다.',1,'2025-02-14 01:45:11'),(145,'kdyveliz','GAME INVITE','bc9fabcb-c870-438b-8d63-3f077f1a1a29','kwonseon님께서 게임에 초대하였습니다.',1,'2025-02-14 01:45:26'),(146,'kdyveliz','GAME INVITE','bc9fabcb-c870-438b-8d63-3f077f1a1a29','kwonseon님께서 게임에 초대하였습니다.',1,'2025-02-14 01:45:38'),(147,'kdyveliz','GAME INVITE','bc9fabcb-c870-438b-8d63-3f077f1a1a29','kwonseon님께서 게임에 초대하였습니다.',1,'2025-02-14 01:45:50'),(148,'kdyveliz','GAME INVITE','bc9fabcb-c870-438b-8d63-3f077f1a1a29','kwonseon님께서 게임에 초대하였습니다.',1,'2025-02-14 01:47:27'),(150,'test123123','FRIEND ACCEPT','24','jjin4363@gmail.com님께서 친구를 수락하였습니다.',1,'2025-02-14 01:57:25'),(154,'soomini','GAME INVITE','20f8dc48-3224-40ee-abd8-6db494be210e','ejej님께서 게임에 초대하였습니다.',1,'2025-02-14 02:11:26'),(163,'jo','FRIEND REQUEST','28','heon님께서 친구를 요청하였습니다.',1,'2025-02-14 02:20:17'),(166,'jo','GAME INVITE','c168455c-081c-43a6-89d2-31a663e73745','heon님께서 게임에 초대하였습니다.',1,'2025-02-14 02:23:45'),(173,'soomini','FRIEND REQUEST','29','test님께서 친구를 요청하였습니다.',1,'2025-02-14 02:49:10'),(177,'soomini','GAME INVITE','12c0b171-1e7d-434b-bdda-a75858b6ef35','test님께서 게임에 초대하였습니다.',1,'2025-02-14 02:49:33'),(184,'soomini','GAME INVITE','69abc41b-f3a0-4292-8fff-9690d98f5f75','test님께서 게임에 초대하였습니다.',1,'2025-02-14 02:54:51'),(207,'ssafy12e201@gmail.com','GAME INVITE','5bd4a187-0954-457e-bbf4-69b500ad0524','dlsxj101님께서 게임에 초대하였습니다.',0,'2025-02-14 04:58:50'),(212,'ssafy12e201@gmail.com','GAME INVITE','5bd4a187-0954-457e-bbf4-69b500ad0524','dlsxj101님께서 게임에 초대하였습니다.',0,'2025-02-14 04:59:17'),(219,'poem1999515@gmail.com','FRIEND ACCEPT','31','moolgogi님께서 친구를 수락하였습니다.',1,'2025-02-14 05:12:53'),(226,'poem1999515@gmail.com','GAME INVITE','9f017fcd-03ba-4556-a0c0-c1272f6ab98d','moolgogi님께서 게임에 초대하였습니다.',1,'2025-02-14 05:16:27'),(227,'soomini','GAME INVITE','9781d1f0-548d-4973-965d-ccec4169861d','test님께서 게임에 초대하였습니다.',1,'2025-02-14 05:18:03'),(231,'soomini','GAME INVITE','78969561-b321-4e72-87cf-288b5a86ef44','test님께서 게임에 초대하였습니다.',1,'2025-02-14 05:19:58'),(233,'poem1999515@gmail.com','FRIEND ACCEPT','33','hyunddo님께서 친구를 수락하였습니다.',1,'2025-02-14 05:21:20'),(234,'poem1999515@gmail.com','GAME INVITE','9910b755-960f-4367-b3e5-e9a68af82d48','hyunddo님께서 게임에 초대하였습니다.',1,'2025-02-14 05:21:24'),(242,'poem1999515@gmail.com','GAME INVITE','440a9292-6c34-44ae-bbb7-88df82c8e5f7','hyunddo님께서 게임에 초대하였습니다.',1,'2025-02-14 05:35:17'),(244,'dltkdghk1058@gmail.com','FRIEND REQUEST','37','frankh3w@gmail.com님께서 친구를 요청하였습니다.',1,'2025-02-14 05:36:04'),(245,'frankh3w@gmail.com','FRIEND ACCEPT','37','dltkdghk1058@gmail.com님께서 친구를 수락하였습니다.',1,'2025-02-14 05:36:11'),(247,'frankh3w@gmail.com','GAME INVITE','0a530dac-7562-4b96-9c30-09572a1f0ad5','dltkdghk1058@gmail.com님께서 게임에 초대하였습니다.',1,'2025-02-14 05:37:20'),(248,'frankh3w@gmail.com','GAME INVITE','0a530dac-7562-4b96-9c30-09572a1f0ad5','dltkdghk1058@gmail.com님께서 게임에 초대하였습니다.',1,'2025-02-14 05:37:28'),(256,'poem1999515@gmail.com','GAME INVITE','ec8c41cd-cda0-4963-b110-0b81cbde669b','hyunddo님께서 게임에 초대하였습니다.',1,'2025-02-14 05:40:20'),(257,'frankh3w@gmail.com','GAME INVITE','73e19611-d7ee-4d01-929f-82fd79941863','dltkdghk1058@gmail.com님께서 게임에 초대하였습니다.',1,'2025-02-14 05:42:06'),(258,'frankh3w@gmail.com','GAME INVITE','b8ed5887-4eef-4baa-bbd0-99400f0505ee','dltkdghk1058@gmail.com님께서 게임에 초대하였습니다.',1,'2025-02-14 05:44:22'),(259,'frankh3w@gmail.com','GAME INVITE','dfbdfa4d-9f63-4965-9c11-2245643eab50','dltkdghk1058@gmail.com님께서 게임에 초대하였습니다.',1,'2025-02-14 05:52:24'),(260,'frankh3w@gmail.com','GAME INVITE','cb747fba-dabc-47a6-8f46-ac4ae9657c14','dltkdghk1058@gmail.com님께서 게임에 초대하였습니다.',1,'2025-02-14 06:00:13'),(262,'soomini','GAME INVITE','ad27e93b-4d9d-40e3-8c97-902587888d46','ejej님께서 게임에 초대하였습니다.',1,'2025-02-14 06:01:03'),(264,'frankh3w@gmail.com','GAME INVITE','9fdcb040-7799-42af-9f89-f1014c635e6e','dltkdghk1058@gmail.com님께서 게임에 초대하였습니다.',1,'2025-02-14 06:21:33'),(265,'frankh3w@gmail.com','GAME INVITE','65be0402-bd6a-48e5-8b14-017b939f0945','dltkdghk1058@gmail.com님께서 게임에 초대하였습니다.',1,'2025-02-14 06:24:21'),(274,'soomini','GAME INVITE','04b5a1ff-8a71-455f-be6c-4eea2b6750b6','ejej님께서 게임에 초대하였습니다.',1,'2025-02-14 06:50:03'),(275,'frankh3w@gmail.com','GAME INVITE','c62dc09a-fed5-43f4-be43-3c9b315409de','dltkdghk1058@gmail.com님께서 게임에 초대하였습니다.',0,'2025-02-14 06:54:12'),(277,'frankh3w@gmail.com','GAME INVITE','148e80e1-4b60-4895-b76a-80d1bfc438c3','dltkdghk1058@gmail.com님께서 게임에 초대하였습니다.',0,'2025-02-14 07:05:09'),(280,'frankh3w@gmail.com','GAME INVITE','9c1a6b08-5f02-43ca-b739-62dbda2b4413','dltkdghk1058@gmail.com님께서 게임에 초대하였습니다.',0,'2025-02-14 07:24:03'),(292,'test','FRIEND REQUEST','44','jjin4363@gmail.com님께서 친구를 요청하였습니다.',1,'2025-02-14 07:49:58'),(312,'xhdxhd0308','FRIEND ACCEPT','47','jjin4363@gmail.com님께서 친구를 수락하였습니다.',1,'2025-02-15 07:34:24'),(313,'xhdxhd0308','GAME INVITE','7760450f-4f67-4ef1-8cee-d1d6f2defdb1','jjin4363@gmail.com님께서 게임에 초대하였습니다.',1,'2025-02-15 07:34:38'),(314,'testuser','FRIEND REQUEST','48','skdud5126님께서 친구를 요청하였습니다.',1,'2025-02-15 07:40:16'),(315,'skdud5126','FRIEND ACCEPT','48','testuser님께서 친구를 수락하였습니다.',1,'2025-02-15 07:40:21'),(316,'skdud5126','GAME INVITE','44a77fd6-9341-491a-a6c6-01a60f25d49d','testuser님께서 게임에 초대하였습니다.',1,'2025-02-15 07:40:28'),(317,'testuser','GAME INVITE','92b9ffed-f314-477f-b6bb-9d1f28aae3b9','skdud5126님께서 게임에 초대하였습니다.',1,'2025-02-15 07:40:28'),(318,'testuser','GAME INVITE','92b9ffed-f314-477f-b6bb-9d1f28aae3b9','skdud5126님께서 게임에 초대하였습니다.',1,'2025-02-15 07:40:44'),(319,'testuser','GAME INVITE','92b9ffed-f314-477f-b6bb-9d1f28aae3b9','skdud5126님께서 게임에 초대하였습니다.',1,'2025-02-15 07:40:56'),(320,'skdud5126','GAME INVITE','92b9ffed-f314-477f-b6bb-9d1f28aae3b9','testuser님께서 게임에 초대하였습니다.',1,'2025-02-15 07:41:14'),(332,'test','GAME INVITE','13621656-8cb0-4b5f-8ca9-116bf84bddb8','95dmstjs님께서 게임에 초대하였습니다.',1,'2025-02-15 10:01:57'),(334,'ejoyee','FRIEND REQUEST','52','1209ga님께서 친구를 요청하였습니다.',1,'2025-02-15 10:06:13'),(335,'ejoyee','FRIEND ACCEPT','51','95dmstjs님께서 친구를 수락하였습니다.',1,'2025-02-15 10:06:18'),(342,'ejoyee','FRIEND REQUEST','53','kimyeobin님께서 친구를 요청하였습니다.',1,'2025-02-15 10:16:09'),(343,'kimyeobin','FRIEND ACCEPT','53','ejoyee님께서 친구를 수락하였습니다.',1,'2025-02-15 10:17:36'),(344,'kimyeobin','GAME INVITE','39db13de-bcea-4b3a-9e46-0187f3bd572a','ejoyee님께서 게임에 초대하였습니다.',1,'2025-02-15 10:18:01'),(346,'qwer','FRIEND REQUEST','54','soomini님께서 친구를 요청하였습니다.',1,'2025-02-15 11:44:19'),(347,'soomini','FRIEND ACCEPT','54','qwer님께서 친구를 수락하였습니다.',1,'2025-02-15 11:44:27'),(348,'qwer','GAME INVITE','00effa02-dbf5-4e55-ad85-0448bac86e12','soomini님께서 게임에 초대하였습니다.',1,'2025-02-15 11:44:41'),(351,'qwer','GAME INVITE','45f96a16-5599-4e2c-bbfa-b805e8b07f6a','soomini님께서 게임에 초대하였습니다.',0,'2025-02-15 12:53:59'),(383,'ejoyee','FRIEND ACCEPT','57','heon님께서 친구를 수락하였습니다.',1,'2025-02-16 10:42:29'),(389,'jo','FRIEND REQUEST','60','heon님께서 친구를 요청하였습니다.',1,'2025-02-16 10:59:57'),(394,'jo','FRIEND REQUEST','64','heon님께서 친구를 요청하였습니다.',1,'2025-02-16 11:08:57'),(398,'ejoyee','GAME INVITE','a10fd027-6630-4c2d-bcf4-01573c90eae6','heon님께서 게임에 초대하였습니다.',1,'2025-02-16 11:37:02'),(402,'ejoyee','GAME INVITE','4d8d87e0-5169-4ffb-883d-9461120452e8','heon님께서 게임에 초대하였습니다.',1,'2025-02-16 12:01:18'),(403,'ejoyee','GAME INVITE','4d8d87e0-5169-4ffb-883d-9461120452e8','heon님께서 게임에 초대하였습니다.',1,'2025-02-16 12:01:55'),(404,'ejoyee','GAME INVITE','4d8d87e0-5169-4ffb-883d-9461120452e8','heon님께서 게임에 초대하였습니다.',1,'2025-02-16 12:02:38'),(407,'ejoyee','GAME INVITE','0017bfac-c185-49de-a045-9970f1aa7d4a','heon님께서 게임에 초대하였습니다.',1,'2025-02-16 12:27:05'),(408,'ejoyee','GAME INVITE','45fbebfa-f59b-4489-b35b-e6b8884e8405','heon님께서 게임에 초대하였습니다.',1,'2025-02-16 12:29:24'),(409,'ejoyee','GAME INVITE','8ce2c142-08e0-41c1-9d95-9696d3025e14','heon님께서 게임에 초대하였습니다.',1,'2025-02-16 12:50:02'),(410,'ejoyee','GAME INVITE','98c727d8-6cc4-40c3-b042-edf40a6640bf','heon님께서 게임에 초대하였습니다.',1,'2025-02-16 12:52:53'),(411,'ejoyee','GAME INVITE','2585851a-3fd7-47c9-b227-a71324e65d21','heon님께서 게임에 초대하였습니다.',1,'2025-02-16 12:53:58'),(420,'zeeyeonleee@gmail.com','FRIEND ACCEPT','65','jiin님께서 친구를 수락하였습니다.',1,'2025-02-16 15:03:52'),(428,'test','FRIEND REQUEST','67','kkgojn@gmail.com님께서 친구를 요청하였습니다.',1,'2025-02-16 16:29:42'),(433,'reveryu96@gmail.com','FRIEND ACCEPT','66','jiin님께서 친구를 수락하였습니다.',1,'2025-02-17 00:04:13'),(436,'reveryu96@gmail.com','GAME INVITE','8ca20acf-33f3-45c6-a036-b62a370b43b9','jiin님께서 게임에 초대하였습니다.',1,'2025-02-17 00:20:57'),(437,'zeeyeonleee@gmail.com','GAME INVITE','8ca20acf-33f3-45c6-a036-b62a370b43b9','jiin님께서 게임에 초대하였습니다.',1,'2025-02-17 00:20:57'),(440,'testuser','FRIEND ACCEPT','70','jiin님께서 친구를 수락하였습니다.',1,'2025-02-17 00:22:26'),(455,'7504a','FRIEND REQUEST','71','helloworld님께서 친구를 요청하였습니다.',1,'2025-02-17 01:44:02'),(456,'helloworld','FRIEND ACCEPT','71','7504a님께서 친구를 수락하였습니다.',1,'2025-02-17 01:44:18'),(457,'7504a','GAME INVITE','5cbd54f3-0863-46ae-becb-e7d52879d6b2','helloworld님께서 게임에 초대하였습니다.',1,'2025-02-17 01:44:28'),(458,'7504a','GAME INVITE','5cbd54f3-0863-46ae-becb-e7d52879d6b2','helloworld님께서 게임에 초대하였습니다.',1,'2025-02-17 01:45:18'),(521,'testuser','FRIEND ACCEPT','74','kkgojn@gmail.com님께서 친구를 수락하였습니다.',1,'2025-02-17 05:05:56'),(525,'ejoyee','GAME INVITE','27449d87-1d76-4ce6-87ae-029940146ac0','dlsxj101님께서 게임에 초대하였습니다.',1,'2025-02-17 05:14:18'),(526,'ejoyee','GAME INVITE','6f77855f-faa9-42cc-a6fa-60f80440c766','dlsxj101님께서 게임에 초대하였습니다.',1,'2025-02-17 05:14:41'),(533,'ejoyee','GAME INVITE','c4bca325-95a8-4dff-aa89-a6f9ae8f8c04','dlsxj101님께서 게임에 초대하였습니다.',1,'2025-02-17 05:47:04'),(538,'ejoyee','GAME INVITE','790c7082-0599-4b04-9991-e3152851d812','dlsxj101님께서 게임에 초대하였습니다.',1,'2025-02-17 05:56:37'),(540,'ejoyee','GAME INVITE','965c0ccd-1f23-4306-b078-bc7e85446115','dlsxj101님께서 게임에 초대하였습니다.',1,'2025-02-17 06:05:57'),(550,'ejoyee','GAME INVITE','335431bd-a361-43e0-8a79-62e85dc07a30','dlsxj101님께서 게임에 초대하였습니다.',1,'2025-02-17 06:28:09'),(554,'poem1999515@gmail.com','GAME INVITE','bd40d077-928b-4d4b-9bad-a825cbadc102','moolgogi님께서 게임에 초대하였습니다.',1,'2025-02-17 06:31:47'),(562,'zeeyeonleee@gmail.com','FRIEND ACCEPT','79','a20032718@gmail.com님께서 친구를 수락하였습니다.',1,'2025-02-17 06:50:36'),(567,'ejoyee','GAME INVITE','75e79383-920b-4f79-84e7-2fc69864d206','heon님께서 게임에 초대하였습니다.',1,'2025-02-17 06:51:05'),(582,'ejoyee','GAME INVITE','79b0e5b0-ad10-4b55-8112-8cdbc356b09a','heon님께서 게임에 초대하였습니다.',1,'2025-02-17 06:59:35'),(592,'ejoyee','GAME INVITE','2362915c-e5df-47a6-96f1-96abca41d65b','dlsxj101님께서 게임에 초대하였습니다.',1,'2025-02-17 07:17:26'),(608,'test','FRIEND REQUEST','86','tt123님께서 친구를 요청하였습니다.',1,'2025-02-17 07:46:43'),(633,'test','FRIEND ACCEPT','88','ejej님께서 친구를 수락하였습니다.',1,'2025-02-17 08:49:33'),(634,'helloworld','FRIEND REQUEST','89','user1님께서 친구를 요청하였습니다.',0,'2025-02-17 08:52:04'),(641,'skdud5126','FRIEND FISH','https://i12e203.p.ssafy.io/images/꼬기물.png','user1님께서 당신의 물고기를 선택했습니다. 물고기 티켓 +1!',1,'2025-02-17 09:06:22'),(661,'kdyveliz','FRIEND FISH','https://i12e203.p.ssafy.io/images/고래밥.png','user1님께서 당신의 물고기를 선택했습니다. 물고기 티켓 +1!',1,'2025-02-17 14:51:41'),(662,'Airdex','FRIEND FISH','https://i12e203.p.ssafy.io/images/플랑크톤.png','user1님께서 당신의 물고기를 선택했습니다. 물고기 티켓 +1!',1,'2025-02-17 14:52:10'),(663,'Airdex','FRIEND FISH','https://i12e203.p.ssafy.io/images/테무 스폰지밥.png','user1님께서 당신의 물고기를 선택했습니다. 물고기 티켓 +1!',1,'2025-02-17 14:52:15'),(666,'zeeyeonleee@gmail.com','FRIEND FISH','https://i12e203.p.ssafy.io/images/유령잉.png','user1님께서 당신의 물고기를 선택했습니다. 물고기 티켓 +1!',1,'2025-02-17 14:54:25'),(667,'zeeyeonleee@gmail.com','FRIEND FISH','https://i12e203.p.ssafy.io/images/거대냥.png','user1님께서 당신의 물고기를 선택했습니다. 물고기 티켓 +1!',1,'2025-02-17 14:54:27'),(669,'ejoyee','FRIEND ACCEPT','97','heon님께서 친구를 수락하였습니다.',1,'2025-02-17 15:00:22'),(671,'Airdex','FRIEND REQUEST','98','jjin4363@gmail.com님께서 친구를 요청하였습니다.',1,'2025-02-17 15:09:10'),(691,'ejoyee','FRIEND FISH','https://i12e203.p.ssafy.io/images/소다빙수.png','heon님께서 당신의 물고기를 선택했습니다. 물고기 티켓 +1!',1,'2025-02-17 15:36:10'),(692,'test','FRIEND FISH','https://i12e203.p.ssafy.io/images/물고기2.png','ejoyee님께서 당신의 물고기를 선택했습니다. 물고기 티켓 +1!',1,'2025-02-17 15:39:18'),(704,'ejoyee','FRIEND FISH','https://i12e203.p.ssafy.io/images/토마토물고기.png','heon님께서 당신의 물고기를 선택했습니다. 물고기 티켓 +1!',1,'2025-02-17 15:48:37'),(705,'ejoyee','FRIEND FISH','https://i12e203.p.ssafy.io/images/구름물고기.png','heon님께서 당신의 물고기를 선택했습니다. 물고기 티켓 +1!',1,'2025-02-17 15:48:55'),(711,'jo','FRIEND ACCEPT','102','ejoyee님께서 친구를 수락하였습니다.',1,'2025-02-17 16:02:09'),(713,'ejoyee','FRIEND FISH','https://i12e203.p.ssafy.io/images/소다빙수.png','jo님께서 당신의 물고기를 선택했습니다. 물고기 티켓 획득!',1,'2025-02-17 16:02:35'),(714,'ejoyee','FRIEND FISH','https://i12e203.p.ssafy.io/images/토마토물고기.png','jo님께서 당신의 물고기를 선택했습니다. 물고기 티켓 획득!',1,'2025-02-17 16:02:41'),(715,'ejoyee','FRIEND FISH','https://i12e203.p.ssafy.io/images/브이키티.png','jo님께서 당신의 물고기를 선택했습니다. 물고기 티켓 획득!',1,'2025-02-17 16:04:15'),(722,'7504a','FRIEND REQUEST','103','t123님께서 친구를 요청하였습니다.',0,'2025-02-18 00:22:02'),(731,'testuser','FRIEND ACCEPT','104','ejej님께서 친구를 수락하였습니다.',1,'2025-02-18 00:38:52'),(742,'tt123','FRIEND REQUEST','105','hslee0912@gmail.com님께서 친구를 요청하였습니다.',0,'2025-02-18 01:40:32'),(745,'zeeyeonleee@gmail.com','FRIEND ACCEPT','95','soomini님께서 친구를 수락하였습니다.',1,'2025-02-18 02:27:02'),(748,'qwer','GAME INVITE','c29bb08f-db19-4085-972e-c65f130ec426','soomini님께서 게임에 초대하였습니다.',0,'2025-02-18 02:27:44'),(755,'testuser','GAME INVITE','c29bb08f-db19-4085-972e-c65f130ec426','ejej님께서 게임에 초대하였습니다.',1,'2025-02-18 02:31:29'),(756,'soomini','FRIEND ACCEPT','106','95dmstjs님께서 친구를 수락하였습니다.',1,'2025-02-18 02:32:00'),(773,'skdud5126','FRIEND FISH','https://i12e203.p.ssafy.io/images/꼬기물.png','testuser님께서 당신의 물고기를 선택했습니다. 물고기 티켓 획득!',1,'2025-02-18 02:40:36'),(778,'skdud5126','FRIEND ACCEPT','110','hi님께서 친구를 수락하였습니다.',1,'2025-02-18 02:43:18'),(779,'jiin','FRIEND ACCEPT','109','hi님께서 친구를 수락하였습니다.',1,'2025-02-18 02:43:20'),(780,'testuser','FRIEND ACCEPT','108','hi님께서 친구를 수락하였습니다.',1,'2025-02-18 02:43:22'),(782,'skdud5126','FRIEND ACCEPT','111','jiin님께서 친구를 수락하였습니다.',1,'2025-02-18 02:44:01'),(783,'Airdex','FRIEND FISH','https://i12e203.p.ssafy.io/images/플랑크톤.png','testuser님께서 당신의 물고기를 선택했습니다. 물고기 티켓 획득!',1,'2025-02-18 02:44:30'),(787,'Airdex','FRIEND FISH','https://i12e203.p.ssafy.io/images/테무 스폰지밥.png','testuser님께서 당신의 물고기를 선택했습니다. 물고기 티켓 획득!',1,'2025-02-18 02:44:44'),(793,'testuser','FRIEND ACCEPT','112','zeeyeonleee@gmail.com님께서 친구를 수락하였습니다.',1,'2025-02-18 02:48:52'),(802,'jiin','FRIEND ACCEPT','113','test_yj님께서 친구를 수락하였습니다.',1,'2025-02-18 03:00:48'),(805,'hi','FRIEND ACCEPT','114','qwerqwer님께서 친구를 수락하였습니다.',1,'2025-02-18 03:05:44'),(812,'testuser','FRIEND FISH','https://i12e203.p.ssafy.io/images/테무 스폰지밥.png','t123님께서 당신의 물고기를 선택했습니다. 물고기 티켓 획득!',0,'2025-02-18 03:18:58'),(822,'jo','FRIEND REQUEST','117','kwonseon님께서 친구를 요청하였습니다.',1,'2025-02-18 05:50:25'),(823,'jo','FRIEND FISH','https://i12e203.p.ssafy.io/images/토마토물고기.png','kwonseon님께서 당신의 물고기를 선택했습니다. 물고기 티켓 획득!',1,'2025-02-18 05:50:29'),(824,'jo','FRIEND FISH','https://i12e203.p.ssafy.io/images/소다빙수.png','kwonseon님께서 당신의 물고기를 선택했습니다. 물고기 티켓 획득!',1,'2025-02-18 05:50:31'),(827,'alswp936936@gmail.com','FRIEND REQUEST','118','kwonseon님께서 친구를 요청하였습니다.',0,'2025-02-18 05:51:13'),(828,'test123123','FRIEND REQUEST','119','kwonseon님께서 친구를 요청하였습니다.',0,'2025-02-18 05:51:28'),(829,'test123123','FRIEND FISH','https://i12e203.p.ssafy.io/images/초록물고기.png','kwonseon님께서 당신의 물고기를 선택했습니다. 물고기 티켓 획득!',0,'2025-02-18 05:51:31'),(834,'dnjsrua0514@gmail.com','FRIEND REQUEST','121','kwonseon님께서 친구를 요청하였습니다.',0,'2025-02-18 05:54:03'),(838,'frankh3w@gmail.com','GAME INVITE','97b8351c-bf0a-4b47-9556-8ab1c9793b12','dltkdghk1058@gmail.com님께서 게임에 초대하였습니다.',0,'2025-02-18 06:07:28'),(847,'frankh3w@gmail.com','GAME INVITE','b7d41a18-669a-49e8-ad13-000f82f9c025','dltkdghk1058@gmail.com님께서 게임에 초대하였습니다.',0,'2025-02-18 06:22:26'),(848,'frankh3w@gmail.com','GAME INVITE','a79d35bb-c042-4769-94a4-81ab0867b16e','dltkdghk1058@gmail.com님께서 게임에 초대하였습니다.',0,'2025-02-18 06:23:10'),(857,'jo','GAME INVITE','6f6fed15-a0df-4e75-bf90-717c16d833be','ejoyee님께서 게임에 초대하였습니다.',1,'2025-02-18 06:43:32'),(860,'qwer','FRIEND REQUEST','122','zeeyeonleee@gmail.com님께서 친구를 요청하였습니다.',0,'2025-02-18 06:57:21'),(875,'tutorial','FRIEND ACCEPT','123','moolgogi님께서 친구를 수락하였습니다.',1,'2025-02-18 08:14:30'),(920,'moolgogi','GAME INVITE','392e264f-527d-4782-9ea1-7b6665682d49','ejej님께서 게임에 초대하였습니다.',1,'2025-02-18 13:39:31'),(922,'dltkdghk1058@gmail.com','FRIEND REQUEST','125','kwonseon님께서 친구를 요청하였습니다.',0,'2025-02-18 13:45:40'),(923,'ssafy12e201@gmail.com','GAME INVITE','f70531d9-3f88-4e79-8f23-80e40344bf56','dlsxj101님께서 게임에 초대하였습니다.',0,'2025-02-18 13:54:36'),(927,'jo','FRIEND ACCEPT','126','ejoyee님께서 친구를 수락하였습니다.',1,'2025-02-18 14:00:46'),(954,'kwy','GAME INVITE','c92d289b-ef82-45e6-ba2d-3e216cd46b90','ejej님께서 게임에 초대하였습니다.',0,'2025-02-18 16:11:19'),(959,'ejoyee','FRIEND FISH','https://i12e203.p.ssafy.io/images/레드피크민.png','heon님께서 당신의 물고기를 선택했습니다. 물고기 티켓 획득!',1,'2025-02-18 16:30:02'),(960,'ejoyee','FRIEND FISH','https://i12e203.p.ssafy.io/images/불가마리오2.png','jo님께서 당신의 물고기를 선택했습니다. 물고기 티켓 획득!',1,'2025-02-18 16:32:30'),(961,'ejoyee','FRIEND FISH','https://i12e203.p.ssafy.io/images/토끼.png','jo님께서 당신의 물고기를 선택했습니다. 물고기 티켓 획득!',1,'2025-02-18 16:33:03'),(962,'ejoyee','FRIEND FISH','https://i12e203.p.ssafy.io/images/정우물고기.png','jo님께서 당신의 물고기를 선택했습니다. 물고기 티켓 획득!',1,'2025-02-18 16:33:59'),(963,'ejoyee','FRIEND FISH','https://i12e203.p.ssafy.io/images/주황버섯.png','jo님께서 당신의 물고기를 선택했습니다. 물고기 티켓 획득!',1,'2025-02-18 16:34:29'),(978,'hyunddo','GAME INVITE','b62334dc-144c-4ee7-9e0b-3e755bb793e6','dlsxj101님께서 게임에 초대하였습니다.',1,'2025-02-18 18:54:24'),(986,'frankh3w@gmail.com','FRIEND REQUEST','127','zeeyeonleee@gmail.com님께서 친구를 요청하였습니다.',0,'2025-02-19 00:14:42'),(992,'kdyveliz','FRIEND FISH','https://i12e203.p.ssafy.io/images/냥냥이.png','kwonseon님께서 당신의 물고기를 선택했습니다. 물고기 티켓 획득!',1,'2025-02-19 00:34:47'),(993,'kdyveliz','FRIEND FISH','https://i12e203.p.ssafy.io/images/고래밥.png','kwonseon님께서 당신의 물고기를 선택했습니다. 물고기 티켓 획득!',1,'2025-02-19 00:34:49'),(996,'kwonseon','FRIEND ACCEPT','128','sdfkln님께서 친구를 수락하였습니다.',1,'2025-02-19 00:36:29'),(998,'kdyveliz','FRIEND ACCEPT','129','sdfkln님께서 친구를 수락하였습니다.',1,'2025-02-19 00:36:56'),(999,'kdyveliz','GAME INVITE','e8824d1e-2c18-44c7-a3bf-abfe59dd887c','kwonseon님께서 게임에 초대하였습니다.',1,'2025-02-19 00:36:58'),(1000,'sdfkln','GAME INVITE','e8824d1e-2c18-44c7-a3bf-abfe59dd887c','kwonseon님께서 게임에 초대하였습니다.',1,'2025-02-19 00:36:58'),(1002,'kwonseon','GAME INVITE','59f0f2ea-2c57-4b9f-95cc-726cd6099a16','sdfkln님께서 게임에 초대하였습니다.',1,'2025-02-19 00:37:02'),(1004,'kdyveliz','GAME INVITE','e8824d1e-2c18-44c7-a3bf-abfe59dd887c','kwonseon님께서 게임에 초대하였습니다.',1,'2025-02-19 00:37:13'),(1005,'sdfkln','GAME INVITE','e8824d1e-2c18-44c7-a3bf-abfe59dd887c','kwonseon님께서 게임에 초대하였습니다.',1,'2025-02-19 00:37:14'),(1007,'kdyveliz','GAME INVITE','d613b577-e5e8-4983-af34-91892cf5c75a','kwonseon님께서 게임에 초대하였습니다.',0,'2025-02-19 00:38:02'),(1008,'sdfkln','GAME INVITE','d613b577-e5e8-4983-af34-91892cf5c75a','kwonseon님께서 게임에 초대하였습니다.',0,'2025-02-19 00:38:03'),(1018,'ejoyee','GAME INVITE','5b873158-4950-4a41-bf00-76055f47fb04','dlsxj101님께서 게임에 초대하였습니다.',1,'2025-02-19 01:10:14'),(1030,'ejoyee','GAME INVITE','775cd488-f006-4bf1-9ebe-c171a100876f','ejej님께서 게임에 초대하였습니다.',1,'2025-02-19 01:50:09'),(1032,'ejoyee','GAME INVITE','82e9821d-d42f-4ff1-917f-92e13ffad368','dlsxj101님께서 게임에 초대하였습니다.',1,'2025-02-19 01:56:53'),(1034,'jo','GAME INVITE','603ccbb1-87ac-428a-b079-d5d73f9aa8f2','ejoyee님께서 게임에 초대하였습니다.',1,'2025-02-19 01:57:51'),(1041,'ejoyee','GAME INVITE','73e854c6-921b-43a6-928a-b8cd157b5704','dlsxj101님께서 게임에 초대하였습니다.',1,'2025-02-19 02:10:27'),(1044,'ejoyee','GAME INVITE','027f54e4-8458-452a-aaf0-b39067232e01','jjin4363@gmail.com님께서 게임에 초대하였습니다.',1,'2025-02-19 02:13:17'),(1050,'ejoyee','GAME INVITE','54ede610-bfd8-459f-947f-e5c3d5eb1f43','dlsxj101님께서 게임에 초대하였습니다.',1,'2025-02-19 02:16:14'),(1051,'ejoyee','FRIEND FISH','https://i12e203.p.ssafy.io/images/토끼.png','moolgogi님께서 당신의 물고기를 선택했습니다. 물고기 티켓 획득!',1,'2025-02-19 02:19:41'),(1052,'ejoyee','FRIEND FISH','https://i12e203.p.ssafy.io/images/소다빙수.png','moolgogi님께서 당신의 물고기를 선택했습니다. 물고기 티켓 획득!',1,'2025-02-19 02:19:46'),(1053,'ejoyee','FRIEND FISH','https://i12e203.p.ssafy.io/images/레드피크민.png','moolgogi님께서 당신의 물고기를 선택했습니다. 물고기 티켓 획득!',1,'2025-02-19 02:19:48'),(1054,'ejoyee','FRIEND FISH','https://i12e203.p.ssafy.io/images/파랑피크민.png','moolgogi님께서 당신의 물고기를 선택했습니다. 물고기 티켓 획득!',1,'2025-02-19 02:19:50'),(1055,'ejoyee','FRIEND FISH','https://i12e203.p.ssafy.io/images/주황버섯.png','moolgogi님께서 당신의 물고기를 선택했습니다. 물고기 티켓 획득!',1,'2025-02-19 02:19:52'),(1056,'ejoyee','FRIEND FISH','https://i12e203.p.ssafy.io/images/토마토물고기.png','moolgogi님께서 당신의 물고기를 선택했습니다. 물고기 티켓 획득!',1,'2025-02-19 02:19:53'),(1057,'ejoyee','FRIEND FISH','https://i12e203.p.ssafy.io/images/정우물고기.png','moolgogi님께서 당신의 물고기를 선택했습니다. 물고기 티켓 획득!',1,'2025-02-19 02:19:56'),(1060,'ejoyee','GAME INVITE','82d97919-6922-42dd-a85d-ad5c203b5aa8','dlsxj101님께서 게임에 초대하였습니다.',1,'2025-02-19 02:26:26'),(1061,'ejoyee','GAME INVITE','9bfb177e-1a25-4c28-994a-8ac38ca2e03c','dlsxj101님께서 게임에 초대하였습니다.',1,'2025-02-19 02:26:50'),(1068,'ejoyee','FRIEND FISH','https://i12e203.p.ssafy.io/images/토마토물고기.png','ejej님께서 당신의 물고기를 선택했습니다. 물고기 티켓 획득!',1,'2025-02-19 02:35:41'),(1085,'ejoyee','FRIEND ACCEPT','133','heon님께서 친구를 수락하였습니다.',1,'2025-02-19 03:21:27'),(1086,'ejoyee','FRIEND FISH','https://i12e203.p.ssafy.io/images/토끼.png','heon님께서 당신의 물고기를 선택했습니다. 물고기 티켓 획득!',1,'2025-02-19 03:21:42'),(1093,'ejoyee','FRIEND ACCEPT','135','heon님께서 친구를 수락하였습니다.',1,'2025-02-19 04:39:47'),(1097,'heon','FRIEND ACCEPT','131','jo님께서 친구를 수락하였습니다.',1,'2025-02-19 05:13:23'),(1107,'ejoyee','GAME INVITE','5ab106ad-bc84-47a4-99c5-ef109672b419','dlsxj101님께서 게임에 초대하였습니다.',1,'2025-02-19 06:20:03'),(1115,'zeeyeonleee@gmail.com','FRIEND ACCEPT','136','jjin4363@gmail.com님께서 친구를 수락하였습니다.',1,'2025-02-19 06:54:43'),(1118,'jh.nam0324@gmail.com','FRIEND REQUEST','139','ssafy0626@gmail.com님께서 친구를 요청하였습니다.',0,'2025-02-19 06:58:43'),(1120,'sea','FRIEND ACCEPT','140','soohong0311@gmail.com님께서 친구를 수락하였습니다.',1,'2025-02-19 07:00:47'),(1123,'ssafy0626@gmail.com','FRIEND ACCEPT','141','soohong0311@gmail.com님께서 친구를 수락하였습니다.',1,'2025-02-19 07:01:55'),(1127,'kimyejin0044@gmail.com','FRIEND REQUEST','143','sejong980929nini@gmail.com님께서 친구를 요청하였습니다.',0,'2025-02-19 07:07:53'),(1128,'rong030304','FRIEND REQUEST','144','sejong980929nini@gmail.com님께서 친구를 요청하였습니다.',0,'2025-02-19 07:08:28'),(1131,'sejong980929nini@gmail.com','FRIEND ACCEPT','145','test_yj님께서 친구를 수락하였습니다.',1,'2025-02-19 07:09:30'),(1132,'ssafy','FRIEND REQUEST','146','chlwodlrzzang@gmail.com님께서 친구를 요청하였습니다.',0,'2025-02-19 07:09:50'),(1136,'sejong980929nini@gmail.com','FRIEND ACCEPT','142','yoonr72님께서 친구를 수락하였습니다.',1,'2025-02-19 07:10:59'),(1144,'yoonr72','FRIEND ACCEPT','148','t123님께서 친구를 수락하였습니다.',1,'2025-02-19 07:16:48'),(1145,'zeeyeonleee@gmail.com','FRIEND FISH','https://i12e203.p.ssafy.io/images/유령잉.png','t123님께서 당신의 물고기를 선택했습니다. 물고기 티켓 획득!',1,'2025-02-19 07:17:17'),(1147,'t123','FRIEND FISH','https://i12e203.p.ssafy.io/images/유령잉.png','yoonr72님께서 당신의 물고기를 선택했습니다. 물고기 티켓 획득!',0,'2025-02-19 07:19:12'),(1148,'jo','GAME INVITE','9af8a388-f127-46cd-8b0f-cf6e6205e210','ejoyee님께서 게임에 초대하였습니다.',0,'2025-02-19 07:33:18'),(1149,'qwer','FRIEND REQUEST','149','test11님께서 친구를 요청하였습니다.',0,'2025-02-19 07:45:30'),(1150,'rong030304','FRIEND REQUEST','150','test11님께서 친구를 요청하였습니다.',0,'2025-02-19 07:45:59'),(1151,'moolgogi','GAME INVITE','4710a6fd-4464-4025-b51c-1f71d82b1753','dlsxj101님께서 게임에 초대하였습니다.',1,'2025-02-19 07:56:43'),(1154,'heon','GAME INVITE','cf059975-bccd-4274-81d8-64145b14d933','ejoyee님께서 게임에 초대하였습니다.',1,'2025-02-19 08:02:11'),(1155,'skdud5126','FRIEND REQUEST','151','test11님께서 친구를 요청하였습니다.',0,'2025-02-19 08:25:39'),(1156,'skdud5126','FRIEND FISH','https://i12e203.p.ssafy.io/images/꼬기물.png','test11님께서 당신의 물고기를 선택했습니다. 물고기 티켓 획득!',0,'2025-02-19 08:25:44'),(1160,'heon','FRIEND ACCEPT','153','ejoyee님께서 친구를 수락하였습니다.',1,'2025-02-19 08:44:41'),(1161,'ejoyee','GAME INVITE','1c55e656-e001-4e05-be17-bfc6151d256b','heon님께서 게임에 초대하였습니다.',1,'2025-02-19 08:45:15'),(1165,'jo','GAME INVITE','94945040-4d2a-4f83-9d4b-c2f8028592b7','ejoyee님께서 게임에 초대하였습니다.',0,'2025-02-19 09:08:27'),(1169,'fightj1234567@gmail.com','FRIEND REQUEST','155','kwonseon님께서 친구를 요청하였습니다.',0,'2025-02-19 09:15:28'),(1170,'heon','GAME INVITE','59872d95-78c0-4cbc-a556-544a76466616','ejoyee님께서 게임에 초대하였습니다.',1,'2025-02-19 09:18:43'),(1171,'heon','FRIEND FISH','https://i12e203.p.ssafy.io/images/싸피물고기.png','ejoyee님께서 당신의 물고기를 선택했습니다. 물고기 티켓 획득!',1,'2025-02-19 09:20:05'),(1173,'dajeong123','FRIEND REQUEST','156','hyunddo님께서 친구를 요청하였습니다.',0,'2025-02-19 09:49:54'),(1174,'kwonseon','FRIEND ACCEPT','154','f님께서 친구를 수락하였습니다.',0,'2025-02-19 09:53:06'),(1176,'hyunddo','FRIEND ACCEPT','157','f님께서 친구를 수락하였습니다.',1,'2025-02-19 09:53:20'),(1179,'ejoyee','FRIEND ACCEPT','159','heon님께서 친구를 수락하였습니다.',1,'2025-02-19 11:29:34'),(1182,'hyunddo','GAME INVITE','cbc66e32-29bc-403f-b452-b5314b0faa96','dlsxj101님께서 게임에 초대하였습니다.',1,'2025-02-19 11:32:33'),(1183,'chltndus104','FRIEND REQUEST','160','dlsxj101님께서 친구를 요청하였습니다.',0,'2025-02-19 11:38:54'),(1184,'jo','FRIEND FISH','https://i12e203.p.ssafy.io/images/소다빙수.png','dlsxj101님께서 당신의 물고기를 선택했습니다. 물고기 티켓 획득!',0,'2025-02-19 11:46:04'),(1185,'jo','FRIEND FISH','https://i12e203.p.ssafy.io/images/토마토물고기.png','dlsxj101님께서 당신의 물고기를 선택했습니다. 물고기 티켓 획득!',0,'2025-02-19 11:46:06'),(1186,'test123123','FRIEND FISH','https://i12e203.p.ssafy.io/images/초록물고기.png','dlsxj101님께서 당신의 물고기를 선택했습니다. 물고기 티켓 획득!',0,'2025-02-19 11:46:49'),(1188,'zeeyeonleee@gmail.com','FRIEND FISH','https://i12e203.p.ssafy.io/images/docker.png','dlsxj101님께서 당신의 물고기를 선택했습니다. 물고기 티켓 획득!',0,'2025-02-19 11:49:36'),(1189,'zeeyeonleee@gmail.com','FRIEND FISH','https://i12e203.p.ssafy.io/images/Jenkins.png','dlsxj101님께서 당신의 물고기를 선택했습니다. 물고기 티켓 획득!',0,'2025-02-19 11:49:38'),(1190,'zeeyeonleee@gmail.com','FRIEND FISH','https://i12e203.p.ssafy.io/images/징징영한.png','dlsxj101님께서 당신의 물고기를 선택했습니다. 물고기 티켓 획득!',0,'2025-02-19 11:49:51'),(1191,'zeeyeonleee@gmail.com','FRIEND FISH','https://i12e203.p.ssafy.io/images/유령잉.png','dlsxj101님께서 당신의 물고기를 선택했습니다. 물고기 티켓 획득!',0,'2025-02-19 11:49:53'),(1192,'zeeyeonleee@gmail.com','FRIEND FISH','https://i12e203.p.ssafy.io/images/냥.png','dlsxj101님께서 당신의 물고기를 선택했습니다. 물고기 티켓 획득!',0,'2025-02-19 11:49:54'),(1193,'zeeyeonleee@gmail.com','FRIEND FISH','https://i12e203.p.ssafy.io/images/끌락이.png','dlsxj101님께서 당신의 물고기를 선택했습니다. 물고기 티켓 획득!',0,'2025-02-19 11:49:56'),(1194,'zeeyeonleee@gmail.com','FRIEND FISH','https://i12e203.p.ssafy.io/images/진화한_끌락이.png','dlsxj101님께서 당신의 물고기를 선택했습니다. 물고기 티켓 획득!',0,'2025-02-19 11:49:58'),(1195,'sejong980929nini@gmail.com','FRIEND FISH','https://i12e203.p.ssafy.io/images/빨간달팽이.png','dlsxj101님께서 당신의 물고기를 선택했습니다. 물고기 티켓 획득!',0,'2025-02-19 11:51:32'),(1201,'hyunddo','GAME INVITE','43b638ff-7c04-4450-b6c4-fc41b24cc3c3','dlsxj101님께서 게임에 초대하였습니다.',1,'2025-02-19 11:55:32'),(1203,'ejoyee','GAME INVITE','1d1fa8b5-61be-4511-aae4-7d51f3d8ba30','dlsxj101님께서 게임에 초대하였습니다.',1,'2025-02-19 12:11:46'),(1220,'ejoyee','GAME INVITE','764c6e69-34e8-46f9-8d29-be69a3426ccc','jjin4363@gmail.com님께서 게임에 초대하였습니다.',1,'2025-02-19 13:32:56'),(1222,'zeeyeonleee@gmail.com','FRIEND FISH','https://i12e203.p.ssafy.io/images/진화한_끌락이.png','jiin님께서 당신의 물고기를 선택했습니다. 물고기 티켓 획득!',0,'2025-02-19 13:42:48'),(1230,'jiin','FRIEND FISH','https://i12e203.p.ssafy.io/images/진화한_끌락이.png','moolgogi님께서 당신의 물고기를 선택했습니다. 물고기 티켓 획득!',1,'2025-02-19 14:18:27'),(1231,'poem1999515@gmail.com','GAME INVITE','36ddc154-3390-445a-8dba-effa617a0da9','moolgogi님께서 게임에 초대하였습니다.',1,'2025-02-19 14:20:43'),(1284,'admin','FRIEND REQUEST','163','Airdex님께서 친구를 요청하였습니다.',0,'2025-02-19 16:49:30'),(1293,'Airdex','FRIEND ACCEPT','162','dlsxj101님께서 친구를 수락하였습니다.',1,'2025-02-19 23:19:33'),(1294,'ejoyee','GAME INVITE','86b27d36-289b-4762-b83c-3bda87543d2e','dlsxj101님께서 게임에 초대하였습니다.',1,'2025-02-19 23:21:31'),(1296,'Airdex','FRIEND ACCEPT','165','heon님께서 친구를 수락하였습니다.',1,'2025-02-19 23:52:31'),(1297,'heon','GAME INVITE','44f35bf5-7e8a-4cab-b152-4508fea74d8a','ejoyee님께서 게임에 초대하였습니다.',1,'2025-02-19 23:53:26'),(1302,'test','FRIEND FISH','https://i12e203.p.ssafy.io/images/물고기2.png','rnqhscjf3333님께서 당신의 물고기를 선택했습니다. 물고기 티켓 획득!',0,'2025-02-19 23:56:49'),(1348,'Airdex','FRIEND ACCEPT','164','hyunddo님께서 친구를 수락하였습니다.',1,'2025-02-20 01:00:04'),(1349,'heon','FRIEND ACCEPT','158','hyunddo님께서 친구를 수락하였습니다.',1,'2025-02-20 01:00:09'),(1367,'ejoyee','GAME INVITE','9734519c-c66f-49dc-a5f6-0f9de94cd0de','dlsxj101님께서 게임에 초대하였습니다.',0,'2025-02-20 01:20:44'),(1368,'ejoyee','GAME INVITE','9734519c-c66f-49dc-a5f6-0f9de94cd0de','dlsxj101님께서 게임에 초대하였습니다.',0,'2025-02-20 01:21:03'),(1384,'eejj','GAME INVITE','7deab9e3-7109-4b59-a3b8-35de9ac1d814','ejej님께서 게임에 초대하였습니다.',0,'2025-02-20 02:14:39'),(1385,'eejj','GAME INVITE','7deab9e3-7109-4b59-a3b8-35de9ac1d814','ejej님께서 게임에 초대하였습니다.',0,'2025-02-20 02:14:54'),(1386,'eejj','GAME INVITE','1084dd09-7d54-4c29-8460-1aac2572e10d','ejej님께서 게임에 초대하였습니다.',0,'2025-02-20 02:16:55');
/*!40000 ALTER TABLE `notification` ENABLE KEYS */;
UNLOCK TABLES;

--
-- Table structure for table `user`
--

DROP TABLE IF EXISTS `user`;
/*!40101 SET @saved_cs_client     = @@character_set_client */;
/*!50503 SET character_set_client = utf8mb4 */;
CREATE TABLE `user` (
  `id` varchar(50) NOT NULL,
  `pw` text NOT NULL,
  `email` varchar(255) NOT NULL,
  `nickname` varchar(50) DEFAULT NULL,
  `main_fish_image` text,
  `exp` int DEFAULT '0',
  `level` int DEFAULT '1',
  `refresh_token` text,
  `status` tinyint(1) DEFAULT '1',
  `main_aquarium` int DEFAULT NULL,
  `is_first_login` int DEFAULT '1',
  `fish_ticket` int DEFAULT '3',
  `size` varchar(255) DEFAULT 'M',
  PRIMARY KEY (`id`),
  UNIQUE KEY `email` (`email`),
  KEY `fk_main_aquarium` (`main_aquarium`),
  CONSTRAINT `fk_main_aquarium` FOREIGN KEY (`main_aquarium`) REFERENCES `aquarium` (`id`) ON DELETE SET NULL
) ENGINE=InnoDB DEFAULT CHARSET=utf8mb4 COLLATE=utf8mb4_0900_ai_ci;
/*!40101 SET character_set_client = @saved_cs_client */;

--
-- Dumping data for table `user`
--

LOCK TABLES `user` WRITE;
/*!40000 ALTER TABLE `user` DISABLE KEYS */;
INSERT INTO `user` VALUES ('111','$2a$10$/zZB6ZNafHAP5oqdrQUrFuGJXwCsBBz1z6KWUw.fggXGeTuSypoI.','11@11.com','323','/미등록이미지.png',0,1,'eyJhbGciOiJIUzI1NiJ9.eyJzdWIiOiIxMTEiLCJleHAiOjE3NDA1NTY2MTN9.l_Itfax7qn6fxJrR5wWaEDdFUntT5NREwmv2aAdexjE',1,291,0,2,'M'),('123','$2a$10$/H6ztt1b0364ZnbPpo2LrOuqKIeGfzzZfrWmwRfUE0SGID8tXcuDK','132@123','123','/미등록이미지.png',0,1,'eyJhbGciOiJIUzI1NiJ9.eyJzdWIiOiIxMjMiLCJleHAiOjE3NDA1NzM0NDd9.Oj_iYI8frlgxm3fSpfgwFCgNX9s2TfTuD9Xt8xXAee4',1,320,0,0,'M'),('7504a','$2a$10$Kmd7TIdq0ouN9zfFg5RfyelfJv0RfzXABUFDSduW15tw7XjK8Y6FC','7504a@naver.com','염탐자','/덤보문어.png',20,2,'eyJhbGciOiJIUzI1NiJ9.eyJzdWIiOiI3NTA0YSIsImV4cCI6MTc0MDM2MDc5N30.I-9MqCcZlhReMWI4o1uz5OxxUyJiBOjTW-yqqrH0d6c',1,162,0,0,'M'),('95dmstjs','$2a$10$2vpW.i1GFppbcxtiEWCUNOWyhYGSSe5H47bINTvZKWZ3sB4wJxoVu','98silverline@gmail.com','SilverLine','/클라운피쉬.png',42,18,'eyJhbGciOiJIUzI1NiJ9.eyJzdWIiOiI5NWRtc3RqcyIsImV4cCI6MTc0MDU2NjE3M30.2PPlZ4gMPrJmIZcH3mRU0sYTKQJXkdVjNP9P0Rq6hWw',1,94,0,4,'M'),('a20032718@gmail.com','$2a$10$senfngc4XSwBqKxrlKJuDethEoYchkFUBKXLlh2MSgTLuqznS6PC2','a20032718@gmail.com','songdong','/미등록이미지.png',20,4,NULL,1,171,0,3,'M'),('admin','$2a$10$UdWU/l2.y/3WKKacv1VKKOocSiQKQWLCXDSikWxriMqZtAAcgDvi6','admin@test.com','admin','/미등록이미지.png',0,1,'eyJhbGciOiJIUzI1NiJ9.eyJzdWIiOiJhZG1pbiIsImV4cCI6MTc0MDU1MjMyNn0.BEqY8yQhTtoVR1JCKLDS-BuR1K4BYQqiY291y4BaBS4',1,256,0,2,'M'),('admin12','$2a$10$6wa4paVoRa588u/VZqHJdusaDph6P50HyLVAxZhTZHVh/BxkCAzEm','1234@1234.com','ASDF','/미등록이미지.png',0,1,NULL,1,259,1,3,'M'),('admin4a','$2a$10$p6FKXvtTXo83r2gqYQhcm.xU416pUNrYhGUYJ6kbH0yS62CjPo34O','12345@12345.com','asdf','/미등록이미지.png',0,1,NULL,1,260,1,3,'M'),('Airdex','$2a$10$UfTTN0oQvMMStLtcp0HFdOnAmAHOZQmzSiTPPVLolr.SKPagGkRim','huiees0501@gmail.com','몽구스막머거','/플레임엔젤피쉬.png',150,10,'eyJhbGciOiJIUzI1NiJ9.eyJzdWIiOiJBaXJkZXgiLCJleHAiOjE3NDA2MTM2OTJ9.FE0UfokdFLujBBXEIChs5UPQlkcC-MANjRz16gruyzs',1,13,0,986,'M'),('akacast01','$2a$10$1RCDkfGgDF7MLB8YqcJWquqLcpOH1DCswUmADeHnUe68ch.ha40aK','akacast01@gmail.com','서울7반이성준입니다','/미등록이미지.png',58,7,'eyJhbGciOiJIUzI1NiJ9.eyJzdWIiOiJha2FjYXN0MDEiLCJleHAiOjE3NDA0NTMwOTd9.P15zB20KbKXVoBQw90hb9SOQbDhEup2k5qMkWKvUiDY',1,215,0,1,'M'),('alswp936936@gmail.com','$2a$10$Hfv3h2lMIjbjJpIulOjyU./z7b3YYYoXVfJCegHeGewZBhceVKPJS','alswp936936@gmail.com','박민제','/미등록이미지.png',0,2,NULL,1,213,0,0,'M'),('aqwera','$2a$10$fmQgIIyOMtSO2zzngOtmX.NJ8ozLM4QGemcS7kq76Zbra3J2h4q.O','a@naver.com','aaaaang','/미등록이미지.png',0,1,NULL,1,296,1,3,'M'),('asdasd','$2a$10$UDfffTMft3O1NtFZAD9Y/On8VZhzNQiRh.QYMDAoY17K3oehmvose','asd@asd.com','asdasd','/블루탱.png',10,4,'eyJhbGciOiJIUzI1NiJ9.eyJzdWIiOiJhc2Rhc2QiLCJleHAiOjE3NDA0NjI1NzN9.YEa4Nu2YuthS6BkRbLI5SmUZ-zGBCj_ccbWM8tMxw-E',1,131,0,989,'M'),('burdoger ','$2a$10$IJfRu4LmEZY6vTsAZRp.xe3pUh5DbPR1kqp4Rc8zw1Yr0c2IOJAiW','burdoger@gmail.com','불도저','/미등록이미지.png',0,1,'eyJhbGciOiJIUzI1NiJ9.eyJzdWIiOiJidXJkb2dlciAiLCJleHAiOjE3NDA1NzU5NzF9.WgjqPV6I_tvTsyuY4RRNlzyQw_wKypU10M4m-Q-kUC8',1,297,1,3,'M'),('cakejuuu@gmail.com','$2a$10$srvAFaLryDmiZ2YWDR3rxuGoCYrT0GuXPIWDOF6XckouuWAPt/K0.','cakejuuu@gmail.com','Ond','/미등록이미지.png',0,1,NULL,1,295,0,2,'M'),('cavy1234','$2a$10$ZPov30ci/9U3xPm6zrUOLuKNZUlLVS.xhr2tTJI5Jb81xXFejjCkG','dr8766@naver.com','roooccc','/미등록이미지.png',4,1,'eyJhbGciOiJIUzI1NiJ9.eyJzdWIiOiJjYXZ5MTIzNCIsImV4cCI6MTc0MDU1Mjg3NX0.VFhewfDio0xx_dZ5XlVaYT9xcvjWuXQfbTtKnYmkNwo',1,267,0,0,'M'),('chltndus104','$2a$10$YSguHTyZNgJCPniteY3iP.UyLTfLzPdmpuwGBgM.C3KVqSeKZqIVu','chltndus104@naver.com','0suyeon0c','/미등록이미지.png',0,1,NULL,1,312,1,3,'M'),('chlwodlrzzang@gmail.com','$2a$10$Q96e3TPa.aKdUSRrUNg/6OOYL./nf3IdxP/0KIhLvapopSjSlI8eK','chlwodlrzzang@gmail.com','하잉','/미등록이미지.png',0,2,NULL,1,277,0,5,'M'),('cookuk1324@gmail.com','$2a$10$ntySQPwITP7iq2Tvu7VNCeAU6.Mi.i9C/ZaqkJt0gqTvMnRyqIBV.','cookuk1324@gmail.com','ㅜㅜㅑ','/미등록이미지.png',0,2,NULL,1,307,0,5,'M'),('dajeong123','$2a$10$VI5tdbNmkoTEbLYbz7HMN.8enRjphFf0C03wnAHRJhNf0NHLx4Dki','dajeong123@gmail.com','dajeong','/노랑나비물고기.png',0,1,'eyJhbGciOiJIUzI1NiJ9.eyJzdWIiOiJkYWplb25nMTIzIiwiZXhwIjoxNzQwMzcyMTY3fQ.aMK1s0Ceh6T9f04W73cS51jJ7CKxbE9slRViHb1UWxY',1,178,0,999,'M'),('ddoriboy','$2a$10$05sWcL4xDRWuKcLzEqtziOrvGVykwG.dOZhve2GLUEkuJT37ISwqi','ddoriboy@naver.com','가람','/미등록이미지.png',20,3,'eyJhbGciOiJIUzI1NiJ9.eyJzdWIiOiJkZG9yaWJveSIsImV4cCI6MTc0MDI3OTg2MH0.MfA-bc-JJ2xtMp-bN41DZxVNail0-F0u07e47_ttXCQ',1,133,0,0,'M'),('dlawoduf16@naver.com','$2a$10$RSzG.c5ri97ftw47MEWgCuwRDeHbbHoM7jrsM.0.LR20ki960ejS.','dlawoduf16@naver.com','구미의제왕','/클라운피쉬.png',0,5,NULL,1,263,0,6,'M'),('dlsxj101','$2a$10$oQOFrevYTh1ZGnG.V2.xGeo.pgFPnlmxGViJ1F/iR3PxQQ9WA/aSC','dlsxj101@naver.com','영환','/진화한_끌락이.png',113,25,'eyJhbGciOiJIUzI1NiJ9.eyJzdWIiOiJkbHN4ajEwMSIsImV4cCI6MTc0MDYyMjYzMH0.Z8jbie6iIFhr3jkn6lWh0AugDxL6z9rJYmjmjDNhHYM',1,2,0,81,'M'),('dltkdghk1058@gmail.com','$2a$10$SHoNsva8Vht1ssNN3xeL7eDpHEFuJ1h3TCYZzRdpuToPvEo44Berm','dltkdghk1058@gmail.com','칸예 웨스트','/개복치.png',0,14,NULL,1,86,0,0,'M'),('dnjsrua0514@gmail.com','$2a$10$yshNig.vBpOKCjjWBMtbF.ydJB6z3p4jdH4pEgCYU2K8toxyxWCUm','dnjsrua0514@gmail.com','하이','/미등록이미지.png',0,2,NULL,1,196,0,0,'M'),('don0421865@gmail.com','$2a$10$LwFWQ80HhfQB9ytQbCMI9urLDpZciSFZXU.iHxFQqiS2NvKjKEduW','don0421865@gmail.com','dongs','/미등록이미지.png',11,5,NULL,1,286,0,0,'M'),('dsfs','$2a$10$hgtrpz6sbxxcSMkUUbnspOIdNGHWh6Y4XK8Zw1NfnGxvTidFyBrz.','dsfs@naver.com','dsfs','/미등록이미지.png',0,5,'eyJhbGciOiJIUzI1NiJ9.eyJzdWIiOiJkc2ZzIiwiZXhwIjoxNzQwNTU5MjI3fQ.OScKrt9ExLfuv833wnDdb_8temCkOXKvx9S38hDE03U',1,300,0,0,'M'),('duk9741@gmail.com','$2a$10$5No3KMnGoW4jwcVF3HDHuOSTU6NA9JUuZMMn.w8RYZYNQfq4IwNiK','duk9741@gmail.com','싸싸피','/미등록이미지.png',10,2,NULL,1,274,0,0,'M'),('eejj','$2a$10$krzjER15puuu4Cag2CjTUebDiDQgKsDq3GPWnmkbclL8JnUt8UntO','eejj@ssafy.com','핑크고래','/부끄러운핑크고래.png',77,9,'eyJhbGciOiJIUzI1NiJ9.eyJzdWIiOiJlZWpqIiwiZXhwIjoxNzQwNjIxNjQwfQ.jN77QBL-qHz4CKN7kwApfG_aRUbSejExUkbWX019ZJM',1,9,0,31,'M'),('ejej','$2a$10$tzR5DzYI.4nqIzcdKhrJlOoohDpWMc2x8GSWOMsMljssbVxbMVqQm','ejej@ssafy.com','포차코기','/포차코기2.png',165,17,'eyJhbGciOiJIUzI1NiJ9.eyJzdWIiOiJlamVqIiwiZXhwIjoxNzQwNjIyNDY1fQ.rbLdcYLcGuuiaVtfV4P8xLaZBiU00AZsSbihNDrI4K4',1,5,0,892,'M'),('ejoyee','$2a$10$KYChFIAnNu/izEnKz9.LjOPiv7mQWpOKNkWFvpPrsOcFLhlRBvqwe','whdmsdl401@gmail.com','조은빙수','/토마토물고기.png',88,20,'eyJhbGciOiJIUzI1NiJ9.eyJzdWIiOiJlam95ZWUiLCJleHAiOjE3NDA2MjAzNzh9.j4732HcCmLzYL5HJqE2gN59TsfMqPiZB7rdN73SxkBU',1,7,0,843,'M'),('euna0920','$2a$10$wIBFFymAyaELwDWbStCII.ga0aLiYhnrECMfToqYMSB2.Ml0bwM6W','euna@ssafy.com','구월20','/미등록이미지.png',22,2,'eyJhbGciOiJIUzI1NiJ9.eyJzdWIiOiJldW5hMDkyMCIsImV4cCI6MTc0MDYxNTM1OX0.3aXfTtpK1Jbfeb0LJwt6fGdyaGsi8etppkkSat9DZFk',1,326,0,0,'M'),('f','$2a$10$5NTyfhRuUwy7lL2ySO29JejfrZER4/tjxZNWvNgm365B23o66Yl8C','f@f','test입니다','/못난복어.png',10,5,'eyJhbGciOiJIUzI1NiJ9.eyJzdWIiOiJmIiwiZXhwIjoxNzQwNTYzNTY4fQ.26XFugyhOrWF322KBVfgeB4frMaN4wv4-LUgSU9TRpU',1,200,0,14,'M'),('fightj1234567@gmail.com','$2a$10$mk6b0kfydIsA2XwD.YEP2eHq9hC9u2Ia/BWVEOmjDqIKgXOZupe6S','fightj1234567@gmail.com','어장관리','/미등록이미지.png',37,3,NULL,1,311,0,0,'M'),('fkdldj4857@gmail.com','$2a$10$kYCrROQI126Qcx8autTAceChm3jDW56lvbSjxTAzoiyq.MNePiuCu','fkdldj4857@gmail.com','김슭삵','/미등록이미지.png',0,1,NULL,1,266,0,2,'M'),('frankh3w@gmail.com','$2a$10$0bcL2DUK3GlP9n0ospziDuaZs6EyQZRfFXgEhcu7yh.oo29N7VxFC','frankh3w@gmail.com','구모찌','/미등록이미지.png',33,2,NULL,1,99,0,0,'M'),('frndhoon@gmail.com','$2a$10$dbwQ6HZbkaHkM5CeJYZm8OXWWgu.s53VKz2F6i2EJNDXIxvJCLyYm','frndhoon@gmail.com','uoohoon','/미등록이미지.png',22,3,NULL,1,293,0,3,'M'),('gksals9563@gmail.com','$2a$10$IqvTQjHuk3NoD5mJM.kV1eIh8utlbErh0DPSGfWOFf3K9ie8unuqS','gksals9563@gmail.com','사과주스','/미등록이미지.png',0,1,NULL,1,278,0,0,'M'),('gmltjd8005@gmail.com','$2a$10$UMhQ1.Jj1Qg3LBRwqW4mk.cQVE.ShZQDlhQqNR7aUFGuUoaRBCkPe','gmltjd8005@gmail.com','ejoy1015','/클라운피쉬.png',3,2,NULL,1,19,0,1,'M'),('goeun.kim362@gmail.com','$2a$10$JtfSWAjkZx2XmotdRmIFkuKyMQUrVEOi39IdYSqWGNZv8lb7FBf8a','goeun.kim362@gmail.com','오잉','/미등록이미지.png',78,5,NULL,1,284,0,0,'M'),('haha','$2a$10$kBxwxc4ADCHW5vlbYflBL.WSth1BUwWuL3d9z8A9tP.jj5whIwRgm','examl@naver.com','sss','/미등록이미지.png',0,1,NULL,1,276,1,3,'M'),('helloworld','$2a$10$aTwMV/KODy/6RzpaqDpY0uiHTehyFYTt4p7KLuTlGcjuplv/zl7ha','hello@ssafy.com','야옹','/노랑나비물고기.png',30,2,'eyJhbGciOiJIUzI1NiJ9.eyJzdWIiOiJoZWxsb3dvcmxkIiwiZXhwIjoxNzQwMzYxMzA1fQ.rO7rIr7C7F2D2mV8C5vmbrpAOa9rx0U2OJpTR7btEW8',1,169,0,0,'M'),('heon','$2a$10$b.7FrTayaxdT1Vy61mnmYeS4LfB1pR1qAKYKTSoQP/gQP/XNg5MI.','songhun829@gmail.com','heon','/클라운피쉬.png',206,11,'eyJhbGciOiJIUzI1NiJ9.eyJzdWIiOiJoZW9uIiwiZXhwIjoxNzQwNjIxNjQ4fQ.rvET9jkJ1M3nfMY0InpNuCNmHIdNjov06prCHzCa0vs',1,6,0,952,'M'),('hi','$2a$10$xXa0U90c04EeTC58gulHzOQ76TCm0dvaCrRjDjJeXJOR5v9nEKNOW','dkalsdkasl@naver.com','speedfish','/보름달물해파리.png',107,10,'eyJhbGciOiJIUzI1NiJ9.eyJzdWIiOiJoaSIsImV4cCI6MTc0MDU1OTk1Nn0.KE5QHXz3vn5cfI9ziqfrBZBM4adx067l36eUVRqxbX8',1,209,0,-136,'M'),('hslee0912@gmail.com','$2a$10$hjAJ7c76hgZeW9l25SwNp.AvG0CQsSDlZUH3aWJOsE0c.AC3iQ/Iy','hslee0912@gmail.com','리리0912','/덤보문어.png',57,10,'eyJhbGciOiJIUzI1NiJ9.eyJzdWIiOiJoc2xlZTA5MTJAZ21haWwuY29tIiwiZXhwIjoxNzQwNDY4MDU4fQ.C-mjfg9-d5BFzo7rxV5-xKC1FRMYuoXoxpp3Ey3kv50',1,183,0,0,'M'),('hyunddo','$2a$10$o9EBq1bBNJj9cJXwF9.M2eWTe85oUumTi6UalD99ojSYqDjwCrzZK','hyunddoing@naver.com','limetree','/불가마리오3.png',182,10,'eyJhbGciOiJIUzI1NiJ9.eyJzdWIiOiJoeXVuZGRvIiwiZXhwIjoxNzQwNjE5NDI2fQ.nDle2qdGrhq19NurvuxeaIDIZGroK8fF1W_VNdcN4fg',1,96,0,8748,'M'),('jh.nam0324@gmail.com','$2a$10$/cbWmrPJyYALha2roJl9Ue3hjMMUtPUIj2eL6TWjThiZOFYL041dS','jh.nam0324@gmail.com','남정호','/미등록이미지.png',3,2,NULL,1,89,0,0,'M'),('jiin','$2a$10$WLCgLlIj8ULPk4K0.sdYNebUbc7nTGCj4OvifsOx8ZoG7Pz8Msyhi','jiin4083@naver.com','징이','/작은개복치.png',167,29,'eyJhbGciOiJIUzI1NiJ9.eyJzdWIiOiJqaWluIiwiZXhwIjoxNzQwNTc3Mjk3fQ.y_8WFLMdamN6Oy-x7FRPEApq83eXVob022QtPFCxH7Q',1,144,0,0,'M'),('jjin4363@gmail.com','$2a$10$MeC69RKMBHGg8QkQTpNP4e9c4QesRAYdURDJX9fPySqVnyvLgmZry','jjin4363@gmail.com','지노','/거북이.png',154,19,NULL,1,1,0,35,'M'),('jjjjjuuuuu123456@gmail.com','$2a$10$A1Q3.5kbOvLrZBpiwCwq3OqAKkTeijiVnTken6tk3eUt0E8B/lvMe','jjjjjuuuuu123456@gmail.com','곰펭이','/미등록이미지.png',0,2,NULL,1,302,0,5,'M'),('jo','$2a$10$g4vf5e/EqBbNuH6bZHttdukmdGxEPiTbDLb8mfe5pDBVAj1ifcosS','jo@ssafy.com','조조','/소다빙수.png',119,6,'eyJhbGciOiJIUzI1NiJ9.eyJzdWIiOiJqbyIsImV4cCI6MTc0MDU0Njc5N30.-WfnYsp4YitiGpwqLtDc31Db0RqqBlCZxBAeXxIkXJ0',1,54,0,2,'M'),('kate010117@gmail.com','$2a$10$5a0hLQLOLp1GLSn//H360Ow4Pm3bkTl3JTFGRXebnlobWs0V/WEYK','kate010117@gmail.com','감자','/미등록이미지.png',0,1,NULL,1,224,1,3,'M'),('kdyveliz','$2a$10$9bTIFVpgG1I3O6ioe8Krj.kznzEAZrBRLP1zz6kFQRO8FGVb05Pie','kdyveliz@naver.com','도연잉','/미등록이미지.png',5,3,'eyJhbGciOiJIUzI1NiJ9.eyJzdWIiOiJrZHl2ZWxpeiIsImV4cCI6MTc0MDUyOTgwNX0.zvCjy0pkL_4QeWPeHUAjNJ46zc0ZuNHw9zsH7Zdjrak',1,62,0,0,'M'),('kimyejin0044@gmail.com','$2a$10$kXr3tq8.Xv6Qt62DPCGYFOIfKO8hXzHHPs/wbw85BfEmHHDmGqahy','kimyejin0044@gmail.com','땅똥','/미등록이미지.png',3,1,NULL,1,257,0,1,'M'),('kimyeobin','$2a$10$5meEbWf.J1RR/HM3x/AIWuL6TSAyQzD40ou8.7n/SnOGsL3hcfQcG','kimyeobin@naver.com','옙','/비단금붕어.png',20,2,NULL,1,122,0,0,'M'),('kkbonv','$2a$10$5Y80zmuWkmvT/G55n/x.LOtZ22jVGaRL0b3gKUk4.SCUtfe4Di.du','kkbonv@kkbon.v','kkbonv','/미등록이미지.png',0,1,NULL,1,310,1,3,'M'),('kkgojn@gmail.com','$2a$10$DMd0498fzL1tVipJ5FfTUO1bKfpjIbRpaZeKceG/mz90/Ampyda5e','kkgojn@gmail.com','닉네임','/옐로우탱.png',0,1,NULL,1,211,0,0,'M'),('kwonseon','$2a$10$OFkiE3gfSB0V8Xtt4eXF/.lTC3GxRtSzMKeqPdCZOSEUEEpEcTTw.','ksun2128@pukyong.ac.kr','seon','/거북이.png',77,7,'eyJhbGciOiJIUzI1NiJ9.eyJzdWIiOiJrd29uc2VvbiIsImV4cCI6MTc0MDU2MTI4N30.XRbHdLjdBRa9C9LPh2tIlxM6IRckTGFALbSlHVnhaQs',1,68,0,700,'M'),('kwy','$2a$10$UhPA/KRzVaPUUZFcDEa7ouSI0K6FHhkOojencZqKy7u8sv2rGEPzm','dsfsdfa@test.com','영맨','/초코칩불가사리.png',0,3,'eyJhbGciOiJIUzI1NiJ9.eyJzdWIiOiJrd3kiLCJleHAiOjE3NDA0OTMwMDl9.T9_HyT3HM_ARELMVClMqzZ4BOQ1M2ogb02GAcdu1wc0',1,136,0,7,'M'),('misterlee95@gmail.com','$2a$10$twyhOTC3CaPpLABEoxLIU.lecQ3b5r3lznd2tkG29.NHsTdxI1YMS','misterlee95@gmail.com','구글구글','/덤보문어.png',20,2,NULL,0,235,0,5,'M'),('moolgogi','$2a$10$rR2QA0UY/Bks7hTlvZ77s.AmSamw.hnoMV8hPgN1PGaD6bNRwO8ri','ssafy123@ssafy123.com','moolgogi22','/주황버섯.png',24,17,'eyJhbGciOiJIUzI1NiJ9.eyJzdWIiOiJtb29sZ29naSIsImV4cCI6MTc0MDYyMTgyMn0.dOr1ltWWsJTknEG8DiYRrSrEe695Jkms7Mda2L_o6KA',1,324,0,889,'M'),('moolgogi2','$2a$10$fPdG/.mNUZPZlx82DNQpOumMStt1StEYcOMFC/JYJW/bq5oN51b6S','ssafy@ssafy.com','moolgogi2','/미등록이미지.png',63,5,NULL,1,36,0,-11,'M'),('moolgogi3','$2a$10$.PfJTVjwL4A0pQXEQA1O5O7aKwUpNTsO5Pi74S/cUid8hJncl88uq','ssafy1@ssafy.com','moolgogi3','/미등록이미지.png',20,2,'eyJhbGciOiJIUzI1NiJ9.eyJzdWIiOiJtb29sZ29naTMiLCJleHAiOjE3NDA0ODU3Mzl9.qisvxzMXMaPB6XDH3Hyq8zoZ1R_Ug6nD4pCZS8tbsKk',1,244,0,5,'M'),('moomu.like','$2a$10$RbrvBf84Cx9mTOEkPeJ6CO0eidLPW/pnmYO9RmMpU3GWiYWp.8Gdi','moomu.like@gmail.com','무무링','/미등록이미지.png',61,4,'eyJhbGciOiJIUzI1NiJ9.eyJzdWIiOiJtb29tdS5saWtlIiwiZXhwIjoxNzQwNDUzNTgyfQ.MJefmL5W-KTqPzb0ZdBcW2gi_n7ccR7FferwfyZtdjo',1,218,0,7,'M'),('null','$2a$10$MkLNu6dLYImrRSd5pEWl8eHIaOX0qWvWOgxksxCBEiU09Q2LxluLi','null@ssafy.com','ㅤ','/미등록이미지.png',0,1,'eyJhbGciOiJIUzI1NiJ9.eyJzdWIiOiJudWxsIiwiZXhwIjoxNzQwNTU4OTExfQ.IggnOhay_NchTY_Eh0T_ZKxTftshM4XAuXRRv5ytJDk',1,298,0,2,'M'),('poem1999515@gmail.com','$2a$10$Vvru4pBYkiMbqWSbDqd8puT.ymaiR.EIbDlag8sPWCOfXjq05ujz6','poem1999515@gmail.com','해피백','/거북이.png',0,17,NULL,1,90,0,0,'M'),('qkrdptmd1101@gmail.com','$2a$10$PeGxd/9CuEIXlVhj7/VXrONMoJxFJrF0miy8RtJYSPs5g.Roz63Hi','qkrdptmd1101@gmail.com','ㅇㅇ','/미등록이미지.png',5,4,NULL,1,290,0,3,'M'),('qwer','$2a$10$AAP7118ve.qOh6AUVQHJ3u72gbOK/wqmEcSmqZoVr50CDfI1YZtUG','rjs4013@naver.com','dbgfa','/아나콘다.png',23,4,'eyJhbGciOiJIUzI1NiJ9.eyJzdWIiOiJxd2VyIiwiZXhwIjoxNzQwMjI0NjE0fQ.tzhKsEvefBW3cZlBxBvL1c_taZqy7-tQD7eG5Xn5ECI',1,92,0,0,'M'),('qwerqwer','$2a$10$udRPSdIbJG6V2OcJSn2PH.CS69al0OpeMMwSHqRdow/mek0iR7/..','qwer@gmail.com','qwer','/클리오네.png',1,1,'eyJhbGciOiJIUzI1NiJ9.eyJzdWIiOiJxd2VycXdlciIsImV4cCI6MTc0MDQ2MDA4OX0.RXQrZG9he6M7tQHXGKW7DUZ1ZL3zoyO3vDlhpG6bzDU',1,212,0,-100,'M'),('qwsxza019@gmail.com','$2a$10$KU8pKYj2/yBYWMRZiFe/yu49txCte2g9EtHceIYCnEqRr8VE/6gDS','qwsxza019@gmail.com','무겅이','/미등록이미지.png',0,1,NULL,1,268,0,2,'M'),('ramge1324@gmail.com','$2a$10$O.4.FMm7hONsbFq6uGuGNuzv6CbB0E4fonSPi1gVnVnH0uogM9AXa','ramge1324@gmail.com','ㅎㅇ','/미등록이미지.png',36,2,NULL,1,246,0,2,'M'),('reveryu96@gmail.com','$2a$10$6sov/5t6dGwC4uEJbJBqYuABi87xGHVa0/GCNSHCjhzxj9ASBgGG6','reveryu96@gmail.com','도파민아저씨','/초코칩불가사리.png',0,3,NULL,1,150,0,0,'M'),('rmsgnl111@gmail.com','$2a$10$MAda88QEhpFII1IFuPBNEuknhREuDcV71K.VMrIPObCoK8BDdgOse','rmsgnl111@gmail.com','근흐','/미등록이미지.png',0,2,NULL,1,287,0,4,'M'),('rnqhscjf3333','$2a$10$xIHLkDFjglXA/FqXqqMmLO0wqbom6tBmngL5KL/VFjBIboRMgUI2y','rnqhscjf3333@naver.com','히히히히익','/웃는얼굴.png',28,3,'eyJhbGciOiJIUzI1NiJ9.eyJzdWIiOiJybnFoc2NqZjMzMzMiLCJleHAiOjE3NDA2MTQxMTZ9.VTha2HjoyaZyQzWUbWjLqNcAYBtXaw850uHH2Njvu6k',1,325,0,2,'M'),('rong030304','$2a$10$r7oeo16dqqIo6oqgAi9fr.8JFWwTgbGrDq6PFOP0aYdmm6ElPwKqG','rong030304@naver.com','엠서','/블루탱.png',5,3,'eyJhbGciOiJIUzI1NiJ9.eyJzdWIiOiJyb25nMDMwMzA0IiwiZXhwIjoxNzQwNDYxMTc5fQ.JRWbIqMIku3J55lmA8UB14r7ljQ8VEVtIGYhRoNt1qg',1,225,0,0,'M'),('roya0818','$2a$10$1LueQMqhKiMYdwUTIpAn0u3.jylMUYuybbxBjHfcIS2RbiaYf8Ioy','o_o9164@naver.com','지은','/미등록이미지.png',20,2,'eyJhbGciOiJIUzI1NiJ9.eyJzdWIiOiJyb3lhMDgxOCIsImV4cCI6MTc0MDU1MjY3OX0.GFX86WxAuI3ey92P8NlXxmoFpUppFzjnJ8_m4DSMxOc',1,261,0,0,'M'),('sdfkln','$2a$10$LqNCKGE.p2O8evUT6JtFe.mjrU15yeYmgs9/AZlgDOQYKd5UHBAny','sdfkln@gmail.com','원주','/미등록이미지.png',10,4,'eyJhbGciOiJIUzI1NiJ9.eyJzdWIiOiJzZGZrbG4iLCJleHAiOjE3NDA1Mjk4Nzh9.NlLM6nIHMKFAGiS2rP0g4Ea7LqLoBUIOBxIvT4wVxCE',1,251,0,3,'M'),('sea','$2a$10$cK1NLwsn4qqLmuJ.WGGy7ObVpP.us/Q4Oi6vf0SAH/J.RJ9KdmfPW','example@sea.com','ssss','/미등록이미지.png',32,3,'eyJhbGciOiJIUzI1NiJ9.eyJzdWIiOiJzZWEiLCJleHAiOjE3NDA1NTMxMDN9.S73usOdlO4hj0qg5ytVpD1N4cj6UJZPhIREt1l3BDcs',1,270,0,7,'M'),('sejong980929nini@gmail.com','$2a$10$j/U7M9DeS7zUUW8HKyrxP.Cv6FXVJz3rPk1bFXMetFWcB0bGiNktq','sejong980929nini@gmail.com','듀','/미등록이미지.png',21,15,NULL,1,273,0,-383,'M'),('sjkim2243@gmail.com','$2a$10$gOYf7kv.etV.uC9WA.i8q.5X8vTsX2aoeKAD60jPUolkv2ZZ65aCW','sjkim2243@gmail.com','김성준','/미등록이미지.png',0,1,NULL,1,292,0,2,'M'),('skdud5126','$2a$10$C4MKcrFKRjZqh0c7Wx2TjOkn3CT02sdP1M2fAWW2MkweFb7JDjRJu','skdud5126@naver.com','봇대전','/개복치.png',17,7,'eyJhbGciOiJIUzI1NiJ9.eyJzdWIiOiJza2R1ZDUxMjYiLCJleHAiOjE3NDA0NTEyNjR9.xC4dJOknwmuxQa_smNE8lyFZp5WykbDWGNqBi4jWJxI',1,116,0,1,'M'),('sks8450gh','$2a$10$x0vO75uGadjNNwAtBcP05.qAzYQprw/EDXHNYk.VBp6akL5lx35BS','b4n3h@hanmail.net','화이트','/미등록이미지.png',0,1,'eyJhbGciOiJIUzI1NiJ9.eyJzdWIiOiJza3M4NDUwZ2giLCJleHAiOjE3NDA1NzI2NzJ9.idRnU0ttRLmwHQgrz-o6sFhWXMVTarCv7rolJlqpJYA',1,316,0,0,'M'),('songhun829@ajou.ac.kr','$2a$10$mFHd1lPbg/5dLIOtrk/xTuMdE9Rl8oA1nDw3yX3Mt1nfnBaHa5BtK','songhun829@ajou.ac.kr','heontest','/미등록이미지.png',20,2,NULL,1,234,0,5,'M'),('soohong0311@gmail.com','$2a$10$oub98/Ame/PX9C5pkWDN9eb5QkYryTQrFJlzPLOIKnzTgLkmQgtnC','soohong0311@gmail.com','앜후앜후','/미등록이미지.png',5,2,NULL,1,271,0,5,'M'),('soomini','$2a$10$9ClsZmuY6EQv738PgRiNJ.Nrw5C3O/ifkZ9y8rUIY0SUrqC0fRsa6','jenny11994@naver.com','발렌타인30년','/무어이들.png',0,10,'eyJhbGciOiJIUzI1NiJ9.eyJzdWIiOiJzb29taW5pIiwiZXhwIjoxNzQwNTM0ODU1fQ.om9_X1LyXp02wltz5zBanQpPmLtc0KjuYltMhgsKqHw',1,55,0,0,'M'),('ssafy','$2a$10$86.4SdU6dtkI.8J6pjSl7eNaMXDCLm/lOzKIrOw8l8yOGejoQnIby','ssafy2@ssafy.com','ssafy','/미등록이미지.png',0,1,'eyJhbGciOiJIUzI1NiJ9.eyJzdWIiOiJzc2FmeSIsImV4cCI6MTc0MDQ1NTQ2OH0.BWhppp6fsjX4rQjUWZQsXgqCUlMMIu_RK1VFVFQ94Aw',1,222,0,2,'M'),('ssafy0626@gmail.com','$2a$10$iCh7hBiMfUQlK33W9xzrxOvLBH4PLJKGYYpmBKYU8fKfAwVS8O4ra','ssafy0626@gmail.com','웜뱃','/미등록이미지.png',30,2,NULL,1,269,0,3,'M'),('ssafy12e201@gmail.com','$2a$10$gN0AA1.xOSvB5Yg3Xxp2y.E1fM6yOPYUFXwNlCy.mgOsL4p5fT1eC','ssafy12e201@gmail.com','e201','/미등록이미지.png',13,1,NULL,1,23,0,0,'M'),('ssafykms@gmail.com','$2a$10$3BLl0RRbDQ.plDSKqldbvOJh.ZI7ZcnePfUy7BWYAQKSsv5/U9u2K','ssafykms@gmail.com','minss','/미등록이미지.png',20,2,NULL,1,214,0,0,'M'),('t123','$2a$10$EqeNs.U4Nhq1oEjIKwZLd.rDTv5U16jqds/0SCuzrkc.T8ABXowdO','test12345@ssafy.com','t123','/개복치.png',408,42,'eyJhbGciOiJIUzI1NiJ9.eyJzdWIiOiJ0MTIzIiwiZXhwIjoxNzQwNTUzOTg3fQ.17yGXzf26YwPMdE6EvGlfsZry_5LleB5YLhLvW70yIY',1,12,0,248,'M'),('test','$2a$10$NBAie8UBf2Y0qfUXkLER6u242Lmko9JDm3OcROhNccRZ5O.6CRlxS','test@test','test','/물고기2.png',28,4,'eyJhbGciOiJIUzI1NiJ9.eyJzdWIiOiJ0ZXN0IiwiZXhwIjoxNzQwNDUwNTU1fQ.3PRiaUHW14jvdKHGTsYWbRrDsp3hqey8gxIjN6zvyB0',1,22,0,5,'M'),('test_yj','$2a$10$wWtLKfqvzAkRpnXK86Z2X.nwLgyvdX65z2a/auGc6pHowS9QtkUJ6','test_yj@test.com','광신도 피크민','/레드피크민.png',129,8,'eyJhbGciOiJIUzI1NiJ9.eyJzdWIiOiJ0ZXN0X3lqIiwiZXhwIjoxNzQwNTUzOTY5fQ.C6HK-rPam-AmWhvUSo9WirvIDSRuX0jlhr8sk5Jmsw4',1,10,0,109,'M'),('test@n.com','$2a$10$5zRp32hksaUjU0eNwMfzwOXmiFmCHEQUVuTo8ao3wKSnLCQCA.aPy','test@n.com','test@n.com','/블루탱.png',8,4,'eyJhbGciOiJIUzI1NiJ9.eyJzdWIiOiJ0ZXN0QG4uY29tIiwiZXhwIjoxNzQwNTU5NjQyfQ.Tgh8-blAIzWSzKWSj8x8ev-etVqrFNRQkHiD0Eg-uMc',1,303,0,0,'M'),('test11','$2a$10$k1ciaJlYvxmsYt3uETrX1Ot6SMr7r3tNFq4MKfWD3sPFwXjxhABfa','test1@test.com','test','/미등록이미지.png',10,6,'eyJhbGciOiJIUzI1NiJ9.eyJzdWIiOiJ0ZXN0MTEiLCJleHAiOjE3NDA1NTgyODB9.iK8IBvBK0RdlVu_pq2QW23iTT23PL7oPHfp-YK1w010',1,289,0,0,'M'),('test123','$2a$10$XgNFG8WkDfhdBt4mN7amkeQ22FGKa5/r/VMfS1nL7J2TeJndj8O2W','test@test.com','test123','/미등록이미지.png',10,1,'eyJhbGciOiJIUzI1NiJ9.eyJzdWIiOiJ0ZXN0MTIzIiwiZXhwIjoxNzQwNDkyMjQ2fQ.n863Yte8E0MN04ebDI44-tvnh2Sd9XtzgNnjpjex2fY',1,247,0,2,'M'),('test123123','$2a$10$gMZcKM1PfnNznV8jUNMF8uUPh8R/P57V0olXxghFgiPVlrgvgTBkq','test123123@test.com','유저닉네임','/블루탱.png',3,2,'eyJhbGciOiJIUzI1NiJ9.eyJzdWIiOiJ0ZXN0MTIzMTIzIiwiZXhwIjoxNzQwMTAyNzQ5fQ.AKmNXLQbmjeB74U82C_ICmyXPCUwM9kcYzywAq1PLF4',1,69,0,3,'M'),('testuser','$2a$10$4nLF9uHWIo1rAS/mOdHKKedNrE3mU3VERfg9n6oZU6Vr/BdEoTmLW','testuser@gmail.com','테스트고고','/대방어.png',106,12,'eyJhbGciOiJIUzI1NiJ9.eyJzdWIiOiJ0ZXN0dXNlciIsImV4cCI6MTc0MDQ0Mzg2M30.Q6yrI5i8T6LuivOpTA8Uduw2Vq454P-5PUjZWjGWXbg',1,103,0,1,'M'),('thsgnstj0512@gmail.com','$2a$10$P81ySqMcI4ijZjy.n801j.NA27cGY9wiA5fQUG.BgUfJntTYgruL.','thsgnstj0512@gmail.com','손훈서','/미등록이미지.png',0,1,NULL,1,299,0,2,'M'),('tngks0413@gmail.com','$2a$10$MvtOA2KdtCvsqVd07cWhfu4FDXF2LEJQxuK9eKnR.I2aClsgLcNRW','tngks0413@gmail.com','수한이','/미등록이미지.png',13,1,NULL,1,107,0,0,'M'),('tpdbs0701@gmail.com','$2a$10$OTBd8qHetLsmACQbry/oleQ5fzf3BH2eHD/GN93QxvtUkdIZZicsm','tpdbs0701@gmail.com','곰탕이','/미등록이미지.png',48,5,NULL,1,280,0,0,'M'),('tt123','$2a$10$pKwjNwjngj1VsxAo.kjyweiGGVpaYHL57nG8HsQzgUcE1xKkNaNIe','tt123@tt.com','tt123','/대방어.png',0,2,NULL,1,192,0,3,'M'),('tutorial','$2a$10$vJQ0jHhe266aacsZqloSvuXa6VxD2//.PPhHl5y64fWHfS/1ZCfoi','ssafy123@ssafy.com','변경할닉네임','/비단금붕어.png',49,3,'eyJhbGciOiJIUzI1NiJ9.eyJzdWIiOiJ0dXRvcmlhbCIsImV4cCI6MTc0MDUzNzMxOH0.UVB-Oz-_RvcpwvOatPCpYHTRX8REFesoQDOrMz1APYA',1,237,0,7,'M'),('user1','$2a$10$sehDxuUg5BGCgQQQ3UYPt.04TcK/eeAtmd160ztCwN2Iuu7fa4v2.','user1@user1.com','user1','/덤보문어.png',11,5,'eyJhbGciOiJIUzI1NiJ9.eyJzdWIiOiJ1c2VyMSIsImV4cCI6MTc0MDUzNzcwOX0.xM6_hsBHOpVc7IG-QMrd1ZJs85CwpwxZ5X5EgW_VCkE',1,49,0,920,'M'),('vjawb2262@gmail.com','$2a$10$WOMbqTJrEqdtkGXWY1sN3ueC2XAuUSklhryrbdHFx6000OPxnKnae','vjawb2262@gmail.com','독버섯','/미등록이미지.png',13,1,NULL,1,102,0,0,'M'),('wkdqhrhkd12@gmail.com','$2a$10$amZAsIfTG4tzz88nOIKA.O9YYSd6cK8WjRSf8RA3XnD2Hz6zvF.9a','wkdqhrhkd12@gmail.com','hello','/미등록이미지.png',0,1,NULL,1,262,0,2,'M'),('wldms3333@gmail.com','$2a$10$vsH3GE3od1D1x2aiA3vyQO0qlYyfxx3u5y/ThI8uBskVnxMECa5GC','wldms3333@gmail.com','리을이응','/플레임엔젤피쉬.png',0,1,NULL,1,255,0,2,'M'),('xhdxhd0308','$2a$10$gGli.9TuahCOKwL8r5GmCuQ2.LJeNpMC8YayAU/1iP9QQYTG/YELm','universe0703@naver.com','공주','/노랑나비물고기.png',3,2,'eyJhbGciOiJIUzI1NiJ9.eyJzdWIiOiJ4aGR4aGQwMzA4IiwiZXhwIjoxNzQwMjE2OTQwfQ._lo9pkflPIWwNVwaN7IonLjcQ6k0gv73R0litNUIfLQ',1,115,0,0,'M'),('yoonr72','$2a$10$dtNMQOKKJ9/9kW9aNJU6SODVqMGTniwrEC9JiVbbuVseiFN4OHDhe','yoonr72@naver.com','예리','/미등록이미지.png',0,8,'eyJhbGciOiJIUzI1NiJ9.eyJzdWIiOiJ5b29ucjcyIiwiZXhwIjoxNzQwNTUwODQ5fQ.HdJ3L6ov5eh5N41WsXugebKJcAAa39FCpUlbEFDgpEA',1,229,0,0,'M'),('ys89827','$2a$10$2JBk6da1yUjfxHvydILGDugCLA63TWKtI7zf1Q9fscooh1eFGpTz.','ys89827@gmail.com','영환카사노바','/미등록이미지.png',74,5,'eyJhbGciOiJIUzI1NiJ9.eyJzdWIiOiJ5czg5ODI3IiwiZXhwIjoxNzQwNTc2NTA4fQ.ZHnH9NB2GJ21jpRK64gdU0-as5ae2S1ZiYkRL5aBxPQ',1,313,0,0,'M'),('zeeyeonleee@gmail.com','$2a$10$kqXhIfqhVU7TZybrNHx45u2L0gYbfDylJi3DONxA4F6VLKJ0wU7fy','zeeyeonleee@gmail.com','지요니','/냥.png',11,8,NULL,1,142,0,10,'M');
/*!40000 ALTER TABLE `user` ENABLE KEYS */;
UNLOCK TABLES;

--
-- Table structure for table `user_fish`
--

DROP TABLE IF EXISTS `user_fish`;
/*!40101 SET @saved_cs_client     = @@character_set_client */;
/*!50503 SET character_set_client = utf8mb4 */;
CREATE TABLE `user_fish` (
  `id` int NOT NULL AUTO_INCREMENT,
  `fish_type_id` int NOT NULL,
  `user_id` varchar(50) NOT NULL,
  `aquarium_id` int DEFAULT NULL,
  PRIMARY KEY (`id`),
  KEY `fish_type_id` (`fish_type_id`),
  KEY `user_id` (`user_id`),
  KEY `aquarium_id` (`aquarium_id`),
  CONSTRAINT `user_fish_ibfk_1` FOREIGN KEY (`fish_type_id`) REFERENCES `fish_type` (`id`),
  CONSTRAINT `user_fish_ibfk_2` FOREIGN KEY (`user_id`) REFERENCES `user` (`id`) ON DELETE CASCADE,
  CONSTRAINT `user_fish_ibfk_3` FOREIGN KEY (`aquarium_id`) REFERENCES `aquarium` (`id`)
) ENGINE=InnoDB AUTO_INCREMENT=3485 DEFAULT CHARSET=utf8mb4 COLLATE=utf8mb4_0900_ai_ci;
/*!40101 SET character_set_client = @saved_cs_client */;

--
-- Dumping data for table `user_fish`
--

LOCK TABLES `user_fish` WRITE;
/*!40000 ALTER TABLE `user_fish` DISABLE KEYS */;
INSERT INTO `user_fish` VALUES (2,8,'jjin4363@gmail.com',NULL),(3,9,'jjin4363@gmail.com',NULL),(4,1,'ejej',NULL),(5,6,'jjin4363@gmail.com',1),(6,1,'jjin4363@gmail.com',NULL),(7,1,'jjin4363@gmail.com',NULL),(8,1,'jjin4363@gmail.com',NULL),(9,6,'jjin4363@gmail.com',NULL),(10,1,'jjin4363@gmail.com',NULL),(11,1,'jjin4363@gmail.com',NULL),(12,4,'jjin4363@gmail.com',NULL),(13,1,'jjin4363@gmail.com',NULL),(14,5,'heon',6),(15,1,'jjin4363@gmail.com',NULL),(16,6,'jjin4363@gmail.com',NULL),(17,1,'heon',6),(19,7,'ejoyee',7),(20,4,'dlsxj101',NULL),(21,4,'dlsxj101',NULL),(22,1,'dlsxj101',2),(23,2,'dlsxj101',NULL),(24,10,'dlsxj101',NULL),(25,5,'dlsxj101',NULL),(26,4,'dlsxj101',NULL),(27,2,'dlsxj101',NULL),(28,6,'dlsxj101',2),(29,2,'dlsxj101',NULL),(30,7,'dlsxj101',2),(31,11,'heon',254),(32,12,'ejej',5),(33,4,'jjin4363@gmail.com',NULL),(34,4,'ejej',NULL),(35,13,'ejoyee',NULL),(36,4,'jjin4363@gmail.com',NULL),(37,1,'jjin4363@gmail.com',NULL),(38,4,'jjin4363@gmail.com',NULL),(40,4,'jjin4363@gmail.com',NULL),(41,6,'jjin4363@gmail.com',NULL),(42,6,'jjin4363@gmail.com',NULL),(44,1,'jjin4363@gmail.com',NULL),(45,4,'jjin4363@gmail.com',NULL),(46,1,'jjin4363@gmail.com',NULL),(47,1,'jjin4363@gmail.com',NULL),(50,4,'jjin4363@gmail.com',NULL),(51,1,'jjin4363@gmail.com',1),(53,6,'jjin4363@gmail.com',NULL),(55,1,'jjin4363@gmail.com',1),(56,1,'jjin4363@gmail.com',1),(57,5,'jjin4363@gmail.com',NULL),(58,5,'jjin4363@gmail.com',NULL),(61,5,'eejj',NULL),(62,5,'eejj',9),(63,1,'eejj',9),(64,1,'test_yj',NULL),(65,1,'moolgogi',141),(66,14,'test_yj',10),(67,16,'moolgogi',11),(68,1,'test_yj',NULL),(69,1,'t123',NULL),(70,4,'t123',NULL),(71,17,'test_yj',10),(72,18,'t123',NULL),(73,4,'t123',NULL),(74,19,'t123',NULL),(75,20,'t123',NULL),(76,21,'t123',NULL),(77,22,'test_yj',10),(78,24,'test_yj',10),(79,1,'Airdex',13),(80,1,'Airdex',NULL),(82,6,'Airdex',NULL),(85,4,'Airdex',13),(86,2,'gmltjd8005@gmail.com',19),(87,6,'gmltjd8005@gmail.com',NULL),(88,1,'gmltjd8005@gmail.com',NULL),(90,4,'test',22),(91,4,'ssafy12e201@gmail.com',23),(92,5,'test',22),(93,1,'test',22),(94,6,'ssafy12e201@gmail.com',23),(95,4,'ssafy12e201@gmail.com',NULL),(96,6,'ejoyee',NULL),(97,3,'ejoyee',7),(98,6,'ejoyee',NULL),(99,5,'ejoyee',7),(100,4,'ejoyee',7),(101,1,'ejoyee',7),(102,25,'jjin4363@gmail.com',NULL),(103,4,'user1',1),(104,1,'user1',1),(105,26,'moolgogi',11),(106,1,'moolgogi',141),(107,15,'eejj',9),(108,1,'ejej',5),(110,4,'heon',6),(111,7,'moolgogi2',36),(112,1,'user1',49),(113,1,'user1',49),(114,6,'jo',54),(115,1,'jo',54),(116,5,'jo',NULL),(117,6,'ejoyee',NULL),(118,2,'ejoyee',7),(119,4,'ejoyee',57),(120,3,'ejoyee',250),(121,4,'ejoyee',57),(122,4,'soomini',55),(123,4,'jo',NULL),(124,1,'ejoyee',57),(125,4,'user1',NULL),(126,1,'user1',49),(127,4,'user1',NULL),(128,28,'user1',49),(129,1,'ejoyee',250),(130,28,'ejoyee',NULL),(131,5,'heon',6),(132,28,'ejoyee',7),(133,1,'ejoyee',NULL),(134,28,'ejoyee',NULL),(135,1,'heon',6),(136,28,'ejoyee',NULL),(137,1,'heon',6),(138,1,'user1',49),(139,28,'moolgogi',11),(140,27,'ejoyee',NULL),(141,28,'ejoyee',NULL),(142,28,'heon',6),(143,4,'moolgogi',11),(144,27,'moolgogi',NULL),(145,1,'ejoyee',NULL),(146,27,'ejoyee',NULL),(147,28,'heon',254),(148,28,'ejoyee',NULL),(149,4,'moolgogi',11),(150,30,'ejoyee',NULL),(151,1,'heon',6),(152,27,'moolgogi',NULL),(153,28,'heon',NULL),(154,5,'ejoyee',250),(155,27,'heon',6),(156,6,'ejoyee',NULL),(157,4,'ejoyee',57),(158,1,'ejoyee',NULL),(159,29,'ejoyee',250),(160,29,'heon',6),(161,2,'ejej',5),(162,4,'ejej',5),(163,4,'ejej',NULL),(164,28,'ejej',5),(165,6,'ejej',5),(166,2,'ejej',NULL),(167,27,'ejej',5),(168,1,'t123',NULL),(169,28,'t123',12),(170,27,'test_yj',NULL),(171,29,'t123',12),(172,27,'t123',NULL),(173,28,'t123',NULL),(174,1,'t123',NULL),(175,5,'t123',12),(176,27,'t123',NULL),(177,5,'t123',NULL),(178,28,'t123',NULL),(179,3,'t123',NULL),(180,1,'t123',NULL),(181,4,'t123',NULL),(182,6,'t123',NULL),(183,3,'t123',NULL),(184,28,'t123',NULL),(185,4,'t123',NULL),(186,27,'t123',NULL),(187,2,'t123',12),(188,15,'t123',12),(189,1,'t123',NULL),(190,28,'t123',NULL),(191,28,'t123',NULL),(192,4,'t123',NULL),(193,4,'t123',NULL),(194,15,'t123',NULL),(195,29,'t123',NULL),(196,2,'t123',NULL),(197,27,'t123',NULL),(198,28,'t123',NULL),(199,7,'t123',12),(200,2,'t123',NULL),(201,3,'t123',NULL),(202,4,'t123',NULL),(203,27,'t123',NULL),(204,27,'t123',NULL),(205,28,'t123',NULL),(206,15,'t123',NULL),(207,2,'t123',NULL),(208,5,'t123',NULL),(209,2,'t123',NULL),(210,1,'t123',NULL),(211,4,'t123',NULL),(212,1,'t123',NULL),(213,27,'t123',NULL),(214,5,'t123',NULL),(215,27,'t123',NULL),(216,27,'t123',NULL),(217,29,'t123',NULL),(218,2,'t123',NULL),(219,1,'t123',NULL),(220,2,'t123',NULL),(221,28,'t123',NULL),(222,6,'t123',NULL),(223,1,'t123',NULL),(224,28,'t123',NULL),(225,4,'t123',NULL),(226,27,'t123',NULL),(227,28,'t123',NULL),(228,28,'t123',NULL),(229,2,'t123',NULL),(230,1,'t123',NULL),(231,27,'t123',NULL),(232,28,'t123',NULL),(233,4,'t123',NULL),(234,28,'t123',NULL),(235,6,'t123',NULL),(236,1,'t123',NULL),(237,4,'t123',NULL),(238,6,'t123',NULL),(239,7,'t123',NULL),(240,4,'t123',NULL),(241,30,'t123',12),(242,28,'ejoyee',NULL),(243,4,'ejoyee',NULL),(244,4,'ejoyee',NULL),(245,29,'ejoyee',NULL),(246,6,'ejoyee',NULL),(247,29,'ejoyee',NULL),(248,28,'ejoyee',NULL),(249,31,'t123',12),(250,28,'Airdex',13),(251,6,'Airdex',13),(252,27,'ejej',NULL),(253,1,'ejej',NULL),(254,27,'ejej',NULL),(255,15,'ejej',5),(256,29,'moolgogi',NULL),(257,5,'ejej',5),(258,1,'ejej',NULL),(259,6,'ejej',NULL),(260,1,'moolgogi',141),(261,27,'moolgogi',11),(262,27,'ejej',NULL),(263,5,'moolgogi',11),(264,27,'ejej',NULL),(265,1,'moolgogi',141),(266,2,'ejej',NULL),(267,30,'moolgogi',11),(268,28,'ejej',NULL),(269,27,'ejej',NULL),(270,29,'moolgogi',11),(271,4,'ejej',NULL),(272,32,'Airdex',13),(273,5,'Airdex',NULL),(274,33,'t123',NULL),(275,34,'moolgogi',11),(276,6,'ejej',NULL),(277,1,'jjin4363@gmail.com',1),(278,27,'jjin4363@gmail.com',NULL),(279,35,'ejej',5),(280,4,'jjin4363@gmail.com',NULL),(281,4,'jjin4363@gmail.com',NULL),(282,5,'kdyveliz',62),(283,1,'jjin4363@gmail.com',1),(284,4,'jjin4363@gmail.com',NULL),(285,2,'jjin4363@gmail.com',1),(286,1,'jjin4363@gmail.com',NULL),(287,1,'jjin4363@gmail.com',NULL),(288,28,'jjin4363@gmail.com',1),(289,27,'jjin4363@gmail.com',NULL),(290,28,'jjin4363@gmail.com',1),(291,27,'jjin4363@gmail.com',NULL),(292,3,'jjin4363@gmail.com',1),(293,27,'jjin4363@gmail.com',NULL),(294,1,'jjin4363@gmail.com',NULL),(295,36,'kdyveliz',62),(296,5,'kwonseon',68),(297,15,'kwonseon',68),(298,30,'kwonseon',68),(299,37,'Airdex',13),(300,4,'user1',NULL),(301,6,'user1',NULL),(302,15,'user1',49),(303,27,'user1',NULL),(304,29,'user1',NULL),(305,5,'user1',NULL),(306,27,'user1',NULL),(307,2,'user1',49),(308,2,'user1',49),(309,27,'user1',NULL),(310,1,'user1',49),(311,2,'user1',49),(312,28,'user1',NULL),(313,38,'kdyveliz',62),(314,1,'user1',49),(315,15,'user1',49),(316,27,'user1',NULL),(317,27,'user1',NULL),(318,27,'user1',NULL),(319,1,'user1',49),(320,6,'user1',NULL),(321,23,'user1',49),(322,4,'user1',NULL),(323,28,'user1',NULL),(324,1,'test123123',69),(325,39,'test123123',69),(326,29,'test123123',69),(327,40,'Airdex',13),(328,41,'Airdex',13),(329,5,'ejoyee',NULL),(330,23,'ejoyee',250),(331,15,'ejoyee',7),(332,1,'ejej',NULL),(333,3,'ejej',5),(334,5,'ejej',NULL),(335,29,'ejej',5),(336,27,'ejej',NULL),(337,5,'ejej',NULL),(338,4,'ejej',NULL),(339,28,'moolgogi2',NULL),(340,28,'ejej',NULL),(341,28,'ejej',NULL),(342,28,'ejej',NULL),(343,27,'ejej',NULL),(344,7,'ejej',5),(345,5,'ejej',NULL),(346,27,'ejej',NULL),(347,23,'ejej',5),(348,2,'moolgogi2',NULL),(349,1,'moolgogi2',NULL),(350,2,'ejoyee',57),(351,6,'moolgogi2',NULL),(352,27,'ejoyee',NULL),(353,4,'ejoyee',NULL),(354,7,'moolgogi2',NULL),(355,27,'ejoyee',NULL),(356,1,'moolgogi2',NULL),(357,15,'moolgogi2',NULL),(358,6,'ejoyee',NULL),(359,5,'moolgogi2',NULL),(360,1,'moolgogi2',NULL),(361,3,'moolgogi2',NULL),(362,4,'moolgogi2',NULL),(363,1,'moolgogi2',NULL),(364,2,'moolgogi2',NULL),(365,4,'moolgogi2',NULL),(366,4,'ejoyee',NULL),(367,4,'moolgogi2',NULL),(368,23,'moolgogi2',11),(369,2,'moolgogi2',NULL),(370,29,'ejoyee',NULL),(371,6,'moolgogi',NULL),(372,4,'moolgogi',141),(373,6,'moolgogi',NULL),(374,2,'moolgogi',11),(375,1,'ejoyee',NULL),(376,27,'ejoyee',NULL),(377,6,'moolgogi',NULL),(378,6,'ejoyee',NULL),(379,2,'moolgogi',11),(380,3,'moolgogi',182),(381,4,'qwer',92),(382,1,'jjin4363@gmail.com',NULL),(383,42,'test',22),(385,15,'dltkdghk1058@gmail.com',86),(386,4,'jh.nam0324@gmail.com',89),(387,4,'jh.nam0324@gmail.com',89),(388,1,'jh.nam0324@gmail.com',89),(389,4,'dltkdghk1058@gmail.com',86),(390,1,'poem1999515@gmail.com',NULL),(391,1,'qwer',92),(392,28,'poem1999515@gmail.com',NULL),(393,6,'poem1999515@gmail.com',90),(394,28,'poem1999515@gmail.com',NULL),(395,43,'ejoyee',7),(396,1,'dltkdghk1058@gmail.com',86),(397,28,'dltkdghk1058@gmail.com',86),(398,44,'qwer',92),(399,5,'moolgogi',141),(400,4,'95dmstjs',94),(401,29,'95dmstjs',94),(402,6,'95dmstjs',94),(403,4,'hyunddo',96),(404,2,'hyunddo',96),(405,2,'95dmstjs',94),(406,4,'test',22),(407,6,'soomini',55),(408,28,'poem1999515@gmail.com',NULL),(409,6,'poem1999515@gmail.com',90),(410,29,'poem1999515@gmail.com',90),(411,45,'Airdex',13),(412,46,'hyunddo',96),(413,1,'hyunddo',96),(414,27,'hyunddo',96),(416,27,'hyunddo',96),(417,47,'soomini',55),(418,1,'frankh3w@gmail.com',NULL),(419,1,'frankh3w@gmail.com',NULL),(420,29,'frankh3w@gmail.com',NULL),(421,4,'vjawb2262@gmail.com',102),(422,28,'vjawb2262@gmail.com',102),(423,6,'frankh3w@gmail.com',NULL),(424,27,'vjawb2262@gmail.com',102),(425,4,'testuser',104),(426,1,'jh.nam0324@gmail.com',89),(427,2,'dlsxj101',2),(428,4,'dlsxj101',NULL),(429,29,'dlsxj101',NULL),(430,1,'dlsxj101',2),(431,5,'dlsxj101',2),(432,4,'dlsxj101',NULL),(433,27,'dlsxj101',NULL),(434,2,'dlsxj101',2),(435,27,'dlsxj101',2),(436,2,'dlsxj101',2),(437,28,'dlsxj101',NULL),(438,1,'dlsxj101',2),(440,4,'dlsxj101',NULL),(441,5,'dlsxj101',2),(442,4,'dlsxj101',2),(443,4,'dlsxj101',2),(444,48,'dlsxj101',NULL),(445,28,'tngks0413@gmail.com',NULL),(446,49,'hyunddo',96),(447,29,'dltkdghk1058@gmail.com',86),(448,4,'tngks0413@gmail.com',NULL),(449,1,'tngks0413@gmail.com',NULL),(450,50,'ejoyee',NULL),(451,51,'ejoyee',57),(452,29,'dltkdghk1058@gmail.com',86),(453,29,'dltkdghk1058@gmail.com',86),(454,4,'dltkdghk1058@gmail.com',86),(455,52,'ejoyee',7),(456,4,'soomini',55),(457,28,'soomini',55),(458,2,'dltkdghk1058@gmail.com',86),(459,5,'heon',254),(460,6,'heon',6),(461,2,'heon',6),(462,6,'heon',6),(463,28,'heon',NULL),(464,29,'heon',NULL),(465,4,'heon',6),(466,4,'heon',6),(467,2,'heon',6),(468,4,'heon',254),(469,29,'heon',NULL),(470,6,'heon',254),(471,27,'heon',254),(472,7,'heon',6),(473,6,'heon',NULL),(474,27,'dltkdghk1058@gmail.com',86),(475,5,'dltkdghk1058@gmail.com',86),(476,28,'dltkdghk1058@gmail.com',86),(477,4,'dltkdghk1058@gmail.com',86),(478,29,'dltkdghk1058@gmail.com',86),(479,23,'dltkdghk1058@gmail.com',86),(480,6,'dltkdghk1058@gmail.com',86),(481,6,'dltkdghk1058@gmail.com',86),(482,7,'dltkdghk1058@gmail.com',86),(483,2,'dltkdghk1058@gmail.com',86),(484,30,'dltkdghk1058@gmail.com',86),(485,4,'dltkdghk1058@gmail.com',86),(486,30,'dltkdghk1058@gmail.com',86),(487,4,'dltkdghk1058@gmail.com',86),(488,2,'dltkdghk1058@gmail.com',86),(489,28,'dltkdghk1058@gmail.com',86),(490,2,'dltkdghk1058@gmail.com',86),(491,30,'dltkdghk1058@gmail.com',86),(492,27,'dltkdghk1058@gmail.com',86),(493,6,'dltkdghk1058@gmail.com',86),(494,5,'dltkdghk1058@gmail.com',86),(495,29,'dltkdghk1058@gmail.com',86),(496,1,'dltkdghk1058@gmail.com',86),(497,7,'dltkdghk1058@gmail.com',86),(498,1,'dltkdghk1058@gmail.com',86),(499,1,'dltkdghk1058@gmail.com',86),(500,2,'dltkdghk1058@gmail.com',86),(501,2,'dltkdghk1058@gmail.com',86),(502,1,'dltkdghk1058@gmail.com',86),(503,5,'dltkdghk1058@gmail.com',86),(504,27,'dltkdghk1058@gmail.com',NULL),(505,27,'dltkdghk1058@gmail.com',NULL),(506,4,'dltkdghk1058@gmail.com',86),(507,27,'dltkdghk1058@gmail.com',NULL),(508,4,'dltkdghk1058@gmail.com',NULL),(509,53,'Airdex',13),(510,54,'Airdex',13),(511,28,'ejej',NULL),(512,23,'ejej',NULL),(513,5,'ejej',NULL),(514,1,'ejej',NULL),(515,29,'ejej',NULL),(516,27,'ejej',NULL),(517,28,'ejej',NULL),(518,4,'ejej',NULL),(519,1,'ejej',NULL),(520,5,'ejej',NULL),(521,27,'ejej',NULL),(522,29,'ejej',NULL),(523,1,'ejej',NULL),(524,28,'moolgogi',141),(525,27,'ejej',NULL),(526,28,'ejej',NULL),(527,5,'ejej',NULL),(528,6,'ejej',NULL),(529,1,'ejej',NULL),(530,1,'moolgogi',141),(531,5,'moolgogi',141),(532,23,'ejej',NULL),(533,3,'moolgogi',NULL),(534,6,'ejej',NULL),(535,1,'moolgogi',141),(536,28,'ejej',NULL),(537,27,'moolgogi',NULL),(538,28,'moolgogi',141),(539,4,'ejej',NULL),(540,1,'moolgogi',11),(541,23,'ejej',NULL),(542,1,'ejej',NULL),(543,28,'moolgogi',141),(544,28,'ejej',NULL),(545,5,'moolgogi',141),(546,5,'ejej',NULL),(547,4,'moolgogi',141),(548,28,'ejej',NULL),(549,28,'moolgogi',141),(550,1,'ejej',NULL),(551,30,'moolgogi',11),(552,2,'ejoyee',57),(553,27,'moolgogi',NULL),(554,4,'ejej',NULL),(555,4,'ejoyee',NULL),(556,2,'moolgogi',141),(557,1,'ejej',NULL),(558,30,'ejoyee',NULL),(559,5,'moolgogi',141),(560,28,'ejej',NULL),(561,4,'moolgogi',141),(562,29,'ejej',NULL),(563,5,'moolgogi',141),(564,6,'ejoyee',NULL),(565,2,'ejej',NULL),(566,4,'moolgogi',141),(567,1,'ejej',NULL),(568,6,'ejoyee',NULL),(569,4,'moolgogi',141),(570,6,'moolgogi',NULL),(571,7,'ejej',NULL),(572,27,'ejoyee',NULL),(573,30,'moolgogi',11),(574,1,'ejej',NULL),(575,2,'moolgogi',141),(576,27,'ejej',NULL),(577,4,'moolgogi',141),(578,4,'ejoyee',NULL),(579,4,'moolgogi',141),(580,5,'ejej',NULL),(581,29,'ejoyee',NULL),(582,27,'moolgogi',NULL),(583,28,'ejej',NULL),(584,28,'moolgogi',141),(585,29,'ejoyee',NULL),(586,1,'ejej',NULL),(587,5,'moolgogi',182),(588,5,'ejoyee',NULL),(589,2,'moolgogi',141),(590,2,'ejoyee',57),(591,27,'ejej',NULL),(592,27,'moolgogi',NULL),(593,29,'ejoyee',NULL),(594,1,'ejej',NULL),(595,6,'moolgogi',NULL),(596,1,'ejej',NULL),(597,2,'ejoyee',57),(598,28,'moolgogi',182),(599,28,'ejoyee',NULL),(600,4,'ejej',NULL),(601,1,'moolgogi',11),(602,28,'moolgogi',NULL),(603,2,'ejoyee',57),(604,27,'ejej',NULL),(605,7,'ejoyee',NULL),(606,28,'ejej',NULL),(607,27,'ejej',NULL),(608,1,'moolgogi',141),(609,4,'ejoyee',NULL),(610,27,'ejej',NULL),(611,27,'moolgogi',NULL),(612,5,'moolgogi',NULL),(613,6,'ejej',NULL),(614,7,'ejoyee',NULL),(615,3,'ejej',NULL),(616,28,'ejoyee',NULL),(617,29,'moolgogi',NULL),(618,28,'ejej',NULL),(619,28,'moolgogi',NULL),(620,3,'ejoyee',NULL),(621,4,'moolgogi',141),(622,27,'ejoyee',NULL),(623,6,'ejej',NULL),(624,28,'moolgogi',NULL),(625,28,'ejoyee',NULL),(626,27,'ejej',NULL),(627,2,'moolgogi',141),(628,1,'ejoyee',NULL),(629,3,'ejej',NULL),(630,1,'moolgogi',141),(631,6,'ejoyee',NULL),(632,2,'ejej',NULL),(633,4,'moolgogi',141),(634,5,'ejoyee',NULL),(635,4,'moolgogi',141),(636,4,'ejoyee',NULL),(637,29,'moolgogi',NULL),(638,4,'ejej',NULL),(639,5,'moolgogi',NULL),(640,1,'moolgogi',141),(641,4,'ejej',NULL),(642,15,'ejej',NULL),(643,1,'moolgogi',141),(644,27,'moolgogi',NULL),(645,28,'ejej',NULL),(646,3,'moolgogi',NULL),(647,27,'ejej',NULL),(648,27,'moolgogi',NULL),(649,1,'moolgogi',182),(650,6,'ejej',NULL),(651,29,'moolgogi',NULL),(652,27,'ejej',NULL),(653,4,'moolgogi',182),(654,4,'moolgogi',237),(655,1,'ejej',NULL),(656,1,'ejej',NULL),(657,29,'moolgogi',NULL),(658,55,'ejoyee',NULL),(659,6,'ejej',NULL),(660,6,'moolgogi',NULL),(661,2,'ejej',NULL),(662,6,'moolgogi',NULL),(663,29,'ejej',NULL),(664,4,'ejej',NULL),(665,1,'ejej',NULL),(666,4,'ejej',NULL),(667,4,'dlsxj101',2),(668,56,'dlsxj101',NULL),(669,27,'moolgogi',NULL),(670,4,'moolgogi',NULL),(671,28,'moolgogi',NULL),(672,28,'moolgogi',NULL),(674,57,'test_yj',10),(676,59,'test_yj',10),(677,60,'ejoyee',NULL),(678,61,'ejoyee',NULL),(681,28,'dlsxj101',NULL),(682,2,'dlsxj101',NULL),(683,6,'dlsxj101',2),(684,28,'dlsxj101',NULL),(685,29,'dlsxj101',NULL),(686,28,'dlsxj101',NULL),(687,1,'dlsxj101',NULL),(688,4,'dlsxj101',NULL),(689,7,'dlsxj101',2),(690,28,'dlsxj101',2),(691,5,'dlsxj101',2),(692,2,'dlsxj101',NULL),(693,2,'dlsxj101',NULL),(694,4,'dlsxj101',NULL),(695,27,'dlsxj101',NULL),(696,28,'dlsxj101',2),(697,27,'dlsxj101',NULL),(698,6,'dlsxj101',2),(699,4,'dlsxj101',NULL),(700,7,'dlsxj101',NULL),(701,5,'dlsxj101',NULL),(702,6,'dlsxj101',NULL),(703,4,'dlsxj101',NULL),(704,28,'dlsxj101',2),(705,28,'dlsxj101',NULL),(706,27,'dlsxj101',NULL),(707,3,'dlsxj101',2),(708,28,'hyunddo',96),(709,4,'hyunddo',96),(710,1,'hyunddo',NULL),(711,5,'hyunddo',96),(712,28,'hyunddo',NULL),(713,28,'hyunddo',NULL),(714,29,'hyunddo',96),(715,62,'dlsxj101',200),(716,27,'hyunddo',NULL),(717,27,'hyunddo',NULL),(718,2,'hyunddo',NULL),(719,6,'hyunddo',96),(720,29,'hyunddo',NULL),(721,28,'hyunddo',NULL),(722,4,'hyunddo',NULL),(723,1,'hyunddo',NULL),(724,5,'hyunddo',NULL),(725,15,'hyunddo',96),(726,27,'hyunddo',NULL),(727,1,'hyunddo',NULL),(728,1,'hyunddo',NULL),(729,27,'hyunddo',NULL),(730,1,'hyunddo',NULL),(731,27,'hyunddo',NULL),(732,28,'hyunddo',NULL),(733,1,'hyunddo',NULL),(734,28,'hyunddo',NULL),(735,1,'hyunddo',NULL),(736,1,'hyunddo',NULL),(737,27,'hyunddo',NULL),(738,27,'hyunddo',NULL),(739,27,'hyunddo',NULL),(740,4,'hyunddo',NULL),(741,4,'hyunddo',NULL),(742,6,'hyunddo',NULL),(743,1,'hyunddo',NULL),(744,6,'hyunddo',NULL),(745,2,'hyunddo',NULL),(746,28,'hyunddo',NULL),(747,6,'hyunddo',NULL),(748,6,'hyunddo',NULL),(749,23,'hyunddo',96),(750,2,'hyunddo',NULL),(751,5,'hyunddo',NULL),(752,29,'hyunddo',NULL),(753,15,'hyunddo',96),(754,29,'hyunddo',NULL),(755,2,'hyunddo',NULL),(756,2,'hyunddo',NULL),(757,7,'hyunddo',96),(758,6,'hyunddo',NULL),(759,1,'hyunddo',NULL),(760,2,'hyunddo',NULL),(761,1,'hyunddo',NULL),(762,27,'hyunddo',NULL),(763,29,'hyunddo',NULL),(764,27,'hyunddo',NULL),(765,63,'hyunddo',96),(766,1,'hyunddo',NULL),(767,6,'hyunddo',NULL),(768,27,'hyunddo',NULL),(769,2,'hyunddo',NULL),(770,29,'hyunddo',NULL),(771,28,'hyunddo',NULL),(772,6,'hyunddo',NULL),(773,1,'hyunddo',NULL),(774,28,'hyunddo',NULL),(775,4,'hyunddo',NULL),(776,5,'hyunddo',NULL),(777,27,'hyunddo',NULL),(778,6,'hyunddo',NULL),(779,29,'hyunddo',NULL),(780,6,'hyunddo',NULL),(781,28,'hyunddo',NULL),(782,29,'hyunddo',NULL),(783,5,'hyunddo',NULL),(784,27,'hyunddo',NULL),(785,4,'hyunddo',NULL),(786,28,'hyunddo',NULL),(787,29,'hyunddo',NULL),(788,15,'hyunddo',NULL),(789,5,'hyunddo',NULL),(790,4,'hyunddo',NULL),(791,5,'hyunddo',NULL),(792,6,'hyunddo',NULL),(793,28,'hyunddo',NULL),(794,5,'hyunddo',NULL),(795,1,'hyunddo',NULL),(796,29,'hyunddo',NULL),(797,29,'hyunddo',NULL),(798,4,'hyunddo',NULL),(799,1,'hyunddo',NULL),(800,5,'hyunddo',NULL),(801,27,'hyunddo',NULL),(802,4,'hyunddo',NULL),(803,1,'hyunddo',NULL),(804,27,'hyunddo',NULL),(805,1,'hyunddo',NULL),(806,29,'hyunddo',NULL),(807,27,'hyunddo',NULL),(808,4,'hyunddo',NULL),(809,29,'hyunddo',NULL),(810,6,'hyunddo',NULL),(811,29,'hyunddo',NULL),(812,1,'hyunddo',NULL),(813,28,'hyunddo',NULL),(814,6,'hyunddo',NULL),(815,28,'hyunddo',NULL),(816,28,'hyunddo',NULL),(817,2,'hyunddo',NULL),(818,2,'hyunddo',NULL),(819,27,'hyunddo',NULL),(820,64,'jjin4363@gmail.com',1),(821,1,'Airdex',NULL),(822,27,'Airdex',13),(823,4,'Airdex',NULL),(824,27,'Airdex',NULL),(825,27,'Airdex',NULL),(826,7,'Airdex',13),(827,23,'Airdex',13),(828,5,'Airdex',13),(829,29,'jjin4363@gmail.com',NULL),(832,27,'xhdxhd0308',115),(834,29,'jjin4363@gmail.com',NULL),(835,2,'xhdxhd0308',115),(836,1,'jjin4363@gmail.com',NULL),(837,2,'xhdxhd0308',115),(838,4,'xhdxhd0308',115),(839,29,'testuser',103),(840,30,'testuser',103),(841,23,'skdud5126',116),(842,1,'skdud5126',116),(844,1,'testuser',104),(845,66,'skdud5126',116),(846,5,'skdud5126',116),(848,30,'ejoyee',NULL),(849,27,'ejoyee',NULL),(850,1,'ejoyee',NULL),(851,2,'ejoyee',57),(852,4,'ejoyee',NULL),(853,27,'ejoyee',NULL),(854,15,'ejoyee',NULL),(855,27,'ejoyee',NULL),(856,1,'ejoyee',NULL),(857,28,'ejoyee',NULL),(858,2,'ejoyee',57),(859,1,'ejoyee',NULL),(860,27,'jo',NULL),(861,28,'jo',54),(862,4,'jo',54),(863,28,'heon',NULL),(864,1,'heon',254),(865,68,'heon',6),(866,4,'heon',254),(867,2,'ejoyee',57),(868,4,'ejoyee',NULL),(869,1,'heon',254),(870,28,'ejoyee',NULL),(871,2,'heon',254),(872,15,'ejoyee',NULL),(873,30,'heon',6),(874,27,'ejoyee',NULL),(875,70,'ejoyee',NULL),(876,15,'heon',6),(877,1,'heon',254),(878,4,'heon',NULL),(879,27,'heon',NULL),(880,68,'heon',NULL),(881,68,'heon',NULL),(882,27,'ejoyee',NULL),(883,6,'heon',NULL),(884,4,'ejoyee',NULL),(885,27,'heon',NULL),(886,6,'ejoyee',NULL),(887,28,'heon',NULL),(888,1,'ejoyee',NULL),(889,5,'ejoyee',NULL),(890,68,'heon',NULL),(891,68,'ejoyee',NULL),(892,70,'heon',NULL),(893,28,'ejoyee',NULL),(894,5,'ejoyee',NULL),(895,70,'ejoyee',7),(896,1,'ejoyee',NULL),(897,2,'heon',254),(898,68,'ejoyee',NULL),(899,28,'heon',NULL),(900,2,'ejoyee',57),(901,68,'heon',NULL),(902,70,'ejoyee',NULL),(903,28,'heon',NULL),(904,28,'ejoyee',NULL),(905,5,'heon',NULL),(906,6,'ejoyee',NULL),(907,27,'heon',NULL),(908,5,'ejoyee',NULL),(909,2,'heon',254),(910,1,'ejoyee',NULL),(911,4,'heon',NULL),(912,70,'ejoyee',NULL),(913,68,'heon',NULL),(914,2,'ejoyee',NULL),(915,27,'heon',NULL),(916,6,'ejoyee',NULL),(917,2,'heon',NULL),(918,4,'ejoyee',NULL),(919,27,'heon',NULL),(920,28,'ejoyee',NULL),(921,4,'heon',NULL),(922,68,'heon',NULL),(923,6,'ejoyee',NULL),(924,28,'heon',NULL),(925,27,'ejoyee',NULL),(926,28,'heon',NULL),(927,28,'ejoyee',NULL),(928,27,'heon',NULL),(929,15,'ejoyee',NULL),(930,1,'heon',NULL),(931,30,'ejoyee',NULL),(932,70,'heon',NULL),(933,6,'ejoyee',NULL),(934,4,'heon',NULL),(935,28,'ejoyee',NULL),(936,69,'heon',6),(937,28,'ejoyee',NULL),(938,23,'ejoyee',NULL),(939,68,'ejoyee',NULL),(940,27,'ejoyee',NULL),(941,29,'ejoyee',NULL),(942,27,'ejoyee',NULL),(943,27,'ejoyee',NULL),(944,68,'ejoyee',NULL),(945,5,'ejoyee',NULL),(946,28,'ejoyee',NULL),(947,27,'ejoyee',NULL),(948,28,'ejoyee',NULL),(949,27,'ejoyee',NULL),(950,28,'ejoyee',NULL),(951,5,'ejoyee',NULL),(952,1,'ejoyee',NULL),(953,5,'ejoyee',NULL),(954,27,'ejoyee',NULL),(955,4,'ejoyee',NULL),(956,68,'ejoyee',NULL),(957,4,'ejoyee',NULL),(958,68,'ejoyee',NULL),(959,4,'ejoyee',NULL),(960,1,'ejoyee',NULL),(961,70,'ejoyee',NULL),(962,28,'ejoyee',NULL),(963,27,'ejoyee',NULL),(964,6,'ejoyee',NULL),(965,27,'ejoyee',NULL),(966,1,'ejoyee',NULL),(967,4,'ejoyee',NULL),(968,7,'ejoyee',NULL),(969,7,'ejoyee',NULL),(970,28,'ejoyee',NULL),(971,28,'ejoyee',NULL),(972,2,'ejoyee',NULL),(973,5,'ejoyee',NULL),(974,27,'ejoyee',NULL),(975,4,'ejoyee',NULL),(976,3,'ejoyee',NULL),(977,2,'ejoyee',NULL),(978,27,'ejoyee',NULL),(979,28,'ejoyee',NULL),(980,23,'ejoyee',NULL),(981,68,'ejoyee',NULL),(982,67,'ejoyee',NULL),(983,71,'heon',NULL),(987,68,'kimyeobin',122),(988,28,'kimyeobin',122),(989,1,'kimyeobin',122),(990,27,'kimyeobin',122),(991,27,'heon',NULL),(994,1,'soomini',55),(995,5,'soomini',55),(996,1,'qwer',NULL),(997,68,'qwer',92),(998,29,'qwer',92),(999,2,'qwer',92),(1000,68,'soomini',55),(1001,28,'qwer',NULL),(1002,27,'soomini',55),(1003,7,'qwer',92),(1004,29,'soomini',55),(1005,28,'soomini',55),(1006,68,'soomini',55),(1007,68,'asdasd',131),(1008,5,'asdasd',131),(1009,1,'asdasd',131),(1010,27,'asdasd',131),(1011,73,'dlsxj101',2),(1012,7,'asdasd',131),(1013,27,'asdasd',NULL),(1014,2,'asdasd',NULL),(1015,27,'asdasd',NULL),(1016,1,'asdasd',131),(1017,1,'asdasd',131),(1018,68,'asdasd',NULL),(1019,6,'asdasd',131),(1020,1,'asdasd',131),(1021,68,'asdasd',NULL),(1022,4,'asdasd',131),(1023,5,'asdasd',NULL),(1024,29,'asdasd',131),(1025,2,'asdasd',NULL),(1026,74,'ejej',5),(1027,75,'ejej',5),(1028,68,'ejej',5),(1029,4,'ejej',NULL),(1030,15,'ejej',NULL),(1031,68,'ejej',NULL),(1032,1,'ejej',NULL),(1033,29,'ejej',NULL),(1034,23,'ejej',NULL),(1035,2,'ejej',NULL),(1036,27,'ejej',NULL),(1037,70,'ejej',5),(1038,1,'ejej',NULL),(1039,27,'ejej',NULL),(1040,68,'ejej',NULL),(1041,23,'ejej',NULL),(1042,4,'ejej',NULL),(1043,68,'ejej',NULL),(1044,28,'ejej',NULL),(1045,4,'ejej',NULL),(1046,5,'ejej',NULL),(1047,68,'ejej',NULL),(1048,28,'ejej',NULL),(1049,28,'ejej',NULL),(1050,2,'ejej',NULL),(1051,4,'ejej',NULL),(1052,6,'ejej',NULL),(1053,5,'ddoriboy',133),(1054,4,'ddoriboy',NULL),(1055,70,'ddoriboy',133),(1056,28,'ddoriboy',133),(1057,67,'test_yj',NULL),(1058,30,'kwy',136),(1059,76,'kwy',136),(1060,1,'kwy',136),(1061,68,'moolgogi',141),(1062,23,'moolgogi',11),(1063,6,'moolgogi',NULL),(1064,68,'moolgogi',141),(1065,4,'moolgogi',NULL),(1066,4,'moolgogi',NULL),(1067,27,'moolgogi',NULL),(1068,68,'moolgogi',141),(1069,68,'moolgogi',11),(1070,2,'moolgogi',141),(1071,28,'moolgogi',NULL),(1072,4,'ejej',NULL),(1073,68,'ejej',NULL),(1074,5,'ejej',NULL),(1075,7,'ejej',NULL),(1076,23,'ejej',NULL),(1077,29,'ejej',NULL),(1078,27,'moolgogi',NULL),(1079,3,'moolgogi',NULL),(1080,4,'moolgogi',NULL),(1081,4,'moolgogi',NULL),(1082,4,'moolgogi',NULL),(1083,1,'moolgogi',324),(1084,27,'moolgogi',NULL),(1085,5,'moolgogi',NULL),(1086,70,'moolgogi',11),(1087,27,'moolgogi',NULL),(1088,2,'moolgogi',182),(1089,68,'moolgogi',11),(1090,28,'moolgogi',NULL),(1091,28,'moolgogi',NULL),(1092,2,'moolgogi',NULL),(1093,27,'moolgogi',NULL),(1094,15,'moolgogi',11),(1095,28,'moolgogi',NULL),(1096,4,'moolgogi',NULL),(1097,68,'moolgogi',11),(1098,5,'moolgogi',NULL),(1099,30,'Airdex',13),(1100,28,'heon',NULL),(1101,1,'heon',NULL),(1102,29,'heon',NULL),(1104,78,'heon',NULL),(1105,7,'Airdex',NULL),(1106,5,'Airdex',NULL),(1107,28,'ejoyee',NULL),(1110,4,'ejoyee',NULL),(1111,70,'ejoyee',NULL),(1112,30,'ejoyee',NULL),(1113,30,'ejoyee',NULL),(1114,4,'ejoyee',NULL),(1115,4,'ejoyee',NULL),(1116,4,'ejoyee',NULL),(1117,1,'ejoyee',NULL),(1118,28,'ejoyee',NULL),(1119,4,'zeeyeonleee@gmail.com',142),(1120,79,'zeeyeonleee@gmail.com',142),(1121,27,'zeeyeonleee@gmail.com',142),(1122,1,'jiin',NULL),(1123,29,'ddoriboy',133),(1124,27,'jiin',144),(1125,80,'jiin',NULL),(1126,1,'jiin',NULL),(1127,81,'zeeyeonleee@gmail.com',142),(1128,29,'hyunddo',NULL),(1129,5,'hyunddo',NULL),(1130,15,'hyunddo',NULL),(1131,67,'hyunddo',96),(1132,4,'hyunddo',NULL),(1133,2,'hyunddo',NULL),(1134,27,'hyunddo',NULL),(1135,67,'hyunddo',NULL),(1136,27,'hyunddo',NULL),(1137,28,'hyunddo',NULL),(1138,6,'hyunddo',NULL),(1139,4,'hyunddo',NULL),(1140,3,'hyunddo',NULL),(1141,7,'hyunddo',NULL),(1142,3,'hyunddo',NULL),(1143,29,'hyunddo',NULL),(1144,4,'hyunddo',NULL),(1145,27,'hyunddo',NULL),(1146,1,'hyunddo',NULL),(1147,5,'hyunddo',NULL),(1148,68,'hyunddo',96),(1149,29,'hyunddo',NULL),(1150,2,'hyunddo',NULL),(1151,4,'hyunddo',NULL),(1152,28,'hyunddo',NULL),(1153,6,'hyunddo',NULL),(1154,5,'hyunddo',NULL),(1155,7,'hyunddo',NULL),(1156,70,'hyunddo',96),(1157,29,'hyunddo',NULL),(1158,5,'hyunddo',NULL),(1159,4,'hyunddo',NULL),(1160,1,'hyunddo',NULL),(1161,29,'hyunddo',NULL),(1162,68,'hyunddo',NULL),(1163,27,'hyunddo',NULL),(1164,4,'hyunddo',NULL),(1165,7,'hyunddo',NULL),(1166,4,'hyunddo',NULL),(1167,68,'hyunddo',NULL),(1168,1,'hyunddo',NULL),(1169,68,'hyunddo',NULL),(1170,68,'hyunddo',NULL),(1171,69,'hyunddo',96),(1172,70,'hyunddo',96),(1173,5,'hyunddo',NULL),(1174,68,'hyunddo',NULL),(1175,6,'hyunddo',NULL),(1176,68,'hyunddo',NULL),(1177,67,'hyunddo',NULL),(1178,27,'hyunddo',NULL),(1179,28,'hyunddo',NULL),(1180,4,'zeeyeonleee@gmail.com',142),(1181,1,'zeeyeonleee@gmail.com',142),(1182,70,'dlsxj101',2),(1183,2,'zeeyeonleee@gmail.com',142),(1184,68,'zeeyeonleee@gmail.com',142),(1185,1,'reveryu96@gmail.com',150),(1186,4,'reveryu96@gmail.com',150),(1187,23,'reveryu96@gmail.com',150),(1188,30,'reveryu96@gmail.com',150),(1189,82,'zeeyeonleee@gmail.com',142),(1192,84,'hyunddo',96),(1195,70,'ejoyee',NULL),(1196,68,'ejoyee',NULL),(1197,70,'ejoyee',NULL),(1198,28,'ejoyee',NULL),(1199,70,'ejoyee',NULL),(1200,4,'ejoyee',NULL),(1201,4,'ejoyee',NULL),(1202,29,'ejoyee',NULL),(1203,85,'ejoyee',7),(1204,86,'jiin',NULL),(1205,7,'testuser',103),(1206,70,'reveryu96@gmail.com',150),(1207,4,'moolgogi',NULL),(1208,27,'moolgogi',NULL),(1209,85,'moolgogi',11),(1210,1,'moolgogi',324),(1211,28,'moolgogi',NULL),(1212,70,'jjin4363@gmail.com',1),(1213,68,'ejej',NULL),(1214,70,'ejej',NULL),(1215,6,'ejej',NULL),(1216,29,'ejej',NULL),(1217,28,'ejej',NULL),(1218,1,'ejej',NULL),(1219,4,'ejej',NULL),(1220,68,'ejej',NULL),(1221,28,'ejej',NULL),(1222,5,'ejej',NULL),(1223,68,'ejej',NULL),(1224,5,'ejej',NULL),(1225,1,'ejej',NULL),(1226,85,'ejej',5),(1227,28,'ejej',NULL),(1228,30,'ejej',5),(1229,1,'ejej',NULL),(1230,1,'ejej',NULL),(1231,4,'ejej',NULL),(1232,68,'ejej',NULL),(1233,28,'ejej',NULL),(1234,27,'ejej',NULL),(1235,5,'ejej',NULL),(1236,5,'ejej',NULL),(1237,87,'ejej',5),(1238,27,'ejej',NULL),(1239,87,'ejej',5),(1240,29,'ejej',NULL),(1241,87,'ejej',NULL),(1242,5,'7504a',162),(1243,6,'7504a',162),(1244,28,'7504a',162),(1245,68,'7504a',NULL),(1246,27,'helloworld',169),(1247,67,'helloworld',169),(1248,85,'helloworld',169),(1249,68,'helloworld',169),(1250,4,'a20032718@gmail.com',171),(1251,27,'a20032718@gmail.com',171),(1252,70,'t123',12),(1253,27,'t123',NULL),(1254,1,'t123',NULL),(1255,2,'t123',NULL),(1256,67,'t123',12),(1257,68,'t123',12),(1258,5,'t123',NULL),(1259,3,'t123',NULL),(1260,70,'t123',NULL),(1261,28,'t123',NULL),(1262,15,'t123',NULL),(1263,7,'t123',NULL),(1264,68,'t123',NULL),(1265,7,'t123',NULL),(1266,87,'t123',12),(1267,6,'t123',NULL),(1268,68,'t123',NULL),(1269,6,'t123',NULL),(1270,68,'t123',NULL),(1271,28,'t123',NULL),(1272,68,'t123',NULL),(1273,68,'t123',NULL),(1274,5,'poem1999515@gmail.com',90),(1275,4,'moolgogi',NULL),(1276,1,'moolgogi',324),(1277,87,'moolgogi',11),(1278,67,'test_yj',NULL),(1279,4,'test_yj',NULL),(1280,27,'test_yj',NULL),(1281,68,'test_yj',NULL),(1282,4,'test_yj',NULL),(1283,27,'test_yj',NULL),(1284,68,'test_yj',NULL),(1285,27,'test_yj',NULL),(1286,3,'test_yj',NULL),(1287,4,'moolgogi',NULL),(1288,27,'moolgogi',NULL),(1289,1,'moolgogi',324),(1290,69,'moolgogi',11),(1291,68,'moolgogi',141),(1292,69,'moolgogi',11),(1293,1,'moolgogi',NULL),(1294,88,'moolgogi',11),(1295,27,'t123',NULL),(1296,70,'t123',NULL),(1297,6,'t123',NULL),(1298,27,'t123',NULL),(1299,1,'t123',NULL),(1300,68,'t123',NULL),(1301,28,'t123',NULL),(1302,6,'t123',NULL),(1303,28,'t123',NULL),(1304,2,'t123',NULL),(1305,27,'t123',NULL),(1306,28,'t123',NULL),(1307,1,'t123',NULL),(1308,1,'t123',NULL),(1309,68,'t123',NULL),(1310,23,'t123',12),(1311,27,'t123',NULL),(1312,5,'t123',NULL),(1313,4,'t123',NULL),(1314,4,'t123',NULL),(1315,4,'t123',NULL),(1316,27,'t123',NULL),(1317,4,'t123',NULL),(1318,28,'t123',NULL),(1319,1,'t123',NULL),(1320,7,'t123',NULL),(1321,29,'t123',NULL),(1322,1,'t123',NULL),(1323,6,'t123',NULL),(1324,29,'t123',NULL),(1325,68,'t123',NULL),(1326,28,'t123',NULL),(1327,27,'t123',NULL),(1328,4,'t123',NULL),(1329,4,'t123',NULL),(1330,5,'t123',NULL),(1331,7,'t123',NULL),(1332,1,'t123',NULL),(1333,4,'t123',NULL),(1334,27,'t123',NULL),(1335,89,'Airdex',13),(1336,1,'dajeong123',178),(1337,27,'dajeong123',178),(1338,68,'dajeong123',178),(1339,1,'kwonseon',NULL),(1340,1,'kwonseon',NULL),(1341,68,'kwonseon',NULL),(1342,6,'kwonseon',NULL),(1343,87,'kwonseon',NULL),(1344,1,'kwonseon',NULL),(1345,30,'kwonseon',NULL),(1346,7,'kwonseon',68),(1347,70,'kwonseon',NULL),(1348,1,'kwonseon',NULL),(1349,1,'kwonseon',NULL),(1350,27,'kwonseon',NULL),(1351,27,'kwonseon',NULL),(1352,68,'kwonseon',NULL),(1353,7,'kwonseon',NULL),(1354,85,'jiin',144),(1355,2,'jiin',144),(1356,3,'jiin',144),(1357,4,'Airdex',NULL),(1358,1,'Airdex',NULL),(1359,27,'Airdex',NULL),(1360,23,'Airdex',NULL),(1361,2,'Airdex',NULL),(1362,27,'Airdex',NULL),(1363,85,'Airdex',13),(1364,27,'Airdex',NULL),(1365,3,'Airdex',13),(1366,68,'ejoyee',NULL),(1367,5,'ejoyee',NULL),(1368,1,'ejoyee',NULL),(1369,28,'Airdex',NULL),(1370,4,'Airdex',NULL),(1371,85,'Airdex',NULL),(1372,15,'Airdex',13),(1373,4,'ejoyee',NULL),(1374,70,'ejoyee',NULL),(1375,87,'ejoyee',7),(1376,29,'kwonseon',NULL),(1377,70,'ejoyee',NULL),(1378,85,'kwonseon',NULL),(1379,29,'kwonseon',NULL),(1380,28,'kwonseon',NULL),(1381,27,'kwonseon',NULL),(1382,28,'ejoyee',NULL),(1383,1,'kwonseon',NULL),(1384,4,'kwonseon',NULL),(1385,88,'ejoyee',250),(1386,27,'kwonseon',NULL),(1387,1,'ejoyee',NULL),(1388,68,'kwonseon',NULL),(1389,70,'kwonseon',NULL),(1390,68,'kwonseon',NULL),(1391,68,'kwonseon',NULL),(1392,27,'kwonseon',NULL),(1393,1,'kwonseon',NULL),(1394,28,'kwonseon',NULL),(1395,85,'kwonseon',NULL),(1396,2,'kwonseon',NULL),(1397,4,'kwonseon',NULL),(1398,5,'kwonseon',NULL),(1399,88,'kwonseon',68),(1400,70,'kwonseon',NULL),(1401,68,'kwonseon',NULL),(1402,6,'kwonseon',NULL),(1403,68,'kwonseon',NULL),(1404,70,'kwonseon',NULL),(1405,27,'kwonseon',NULL),(1406,28,'kwonseon',NULL),(1407,68,'kwonseon',NULL),(1408,6,'kwonseon',NULL),(1409,28,'kwonseon',NULL),(1410,87,'kwonseon',NULL),(1411,68,'kwonseon',NULL),(1412,68,'kwonseon',NULL),(1413,1,'kwonseon',NULL),(1414,5,'kwonseon',NULL),(1415,68,'kwonseon',NULL),(1416,1,'kwonseon',NULL),(1417,27,'kwonseon',NULL),(1418,85,'kwonseon',NULL),(1419,68,'kwonseon',NULL),(1420,85,'kwonseon',NULL),(1421,28,'kwonseon',NULL),(1422,27,'kwonseon',NULL),(1423,68,'kwonseon',NULL),(1424,5,'kwonseon',NULL),(1425,5,'kwonseon',NULL),(1426,85,'kwonseon',NULL),(1427,87,'kwonseon',NULL),(1428,85,'kwonseon',NULL),(1429,1,'kwonseon',NULL),(1430,4,'kwonseon',NULL),(1431,6,'kwonseon',NULL),(1432,85,'kwonseon',NULL),(1433,1,'kwonseon',NULL),(1434,68,'kwonseon',NULL),(1435,27,'kwonseon',NULL),(1436,27,'kwonseon',NULL),(1437,1,'kwonseon',NULL),(1438,4,'kwonseon',NULL),(1439,1,'kwonseon',NULL),(1440,87,'kwonseon',NULL),(1441,5,'kwonseon',NULL),(1442,4,'kwonseon',NULL),(1443,5,'kwonseon',NULL),(1444,88,'kwonseon',NULL),(1445,4,'kwonseon',NULL),(1446,1,'kwonseon',NULL),(1447,27,'kwonseon',NULL),(1448,70,'kwonseon',NULL),(1449,27,'kwonseon',NULL),(1450,6,'kwonseon',NULL),(1451,1,'kwonseon',NULL),(1452,4,'kwonseon',NULL),(1453,85,'kwonseon',NULL),(1454,2,'kwonseon',NULL),(1455,68,'kwonseon',NULL),(1456,2,'kwonseon',NULL),(1457,2,'kwonseon',NULL),(1458,4,'kwonseon',NULL),(1459,6,'kwonseon',NULL),(1460,30,'kwonseon',NULL),(1461,27,'kwonseon',NULL),(1462,4,'kwonseon',NULL),(1463,28,'kwonseon',NULL),(1464,5,'kwonseon',NULL),(1465,87,'kwonseon',NULL),(1466,68,'kwonseon',NULL),(1467,27,'kwonseon',NULL),(1468,4,'kwonseon',NULL),(1469,6,'kwonseon',NULL),(1470,28,'kwonseon',NULL),(1471,1,'kwonseon',NULL),(1472,2,'kwonseon',NULL),(1473,27,'kwonseon',NULL),(1474,28,'kwonseon',NULL),(1475,15,'kwonseon',68),(1476,85,'kwonseon',NULL),(1477,6,'kwonseon',NULL),(1478,69,'kwonseon',68),(1479,6,'kwonseon',NULL),(1480,85,'kwonseon',NULL),(1481,1,'kwonseon',NULL),(1482,68,'kwonseon',NULL),(1483,7,'kwonseon',NULL),(1484,67,'kwonseon',68),(1485,70,'kwonseon',NULL),(1486,30,'kwonseon',NULL),(1487,27,'kwonseon',NULL),(1488,7,'kwonseon',NULL),(1489,4,'kwonseon',NULL),(1490,68,'kwonseon',NULL),(1491,28,'kwonseon',NULL),(1492,68,'kwonseon',NULL),(1493,5,'kwonseon',NULL),(1494,15,'kwonseon',NULL),(1495,28,'kwonseon',NULL),(1496,2,'kwonseon',NULL),(1497,85,'kwonseon',NULL),(1498,1,'kwonseon',NULL),(1499,2,'kwonseon',NULL),(1500,1,'kwonseon',NULL),(1501,4,'kwonseon',NULL),(1502,85,'kwonseon',NULL),(1503,4,'kwonseon',NULL),(1504,4,'kwonseon',NULL),(1505,3,'kwonseon',68),(1506,27,'kwonseon',NULL),(1507,68,'kwonseon',NULL),(1508,2,'kwonseon',NULL),(1509,27,'kwonseon',NULL),(1510,68,'kwonseon',NULL),(1511,29,'kwonseon',NULL),(1512,27,'kwonseon',NULL),(1513,6,'kwonseon',NULL),(1514,1,'kwonseon',NULL),(1515,70,'kwonseon',NULL),(1516,28,'kwonseon',NULL),(1517,6,'kwonseon',NULL),(1518,68,'kwonseon',NULL),(1519,4,'kwonseon',NULL),(1520,4,'kwonseon',NULL),(1521,29,'kwonseon',NULL),(1522,27,'kwonseon',NULL),(1523,29,'kwonseon',NULL),(1524,1,'kwonseon',NULL),(1525,87,'kwonseon',NULL),(1526,28,'kwonseon',NULL),(1527,4,'kwonseon',NULL),(1528,28,'kwonseon',NULL),(1529,5,'kwonseon',NULL),(1530,70,'kwonseon',NULL),(1531,27,'kwonseon',NULL),(1532,85,'kwonseon',NULL),(1533,4,'kwonseon',NULL),(1534,70,'kwonseon',NULL),(1535,85,'kwonseon',NULL),(1536,30,'kwonseon',NULL),(1537,27,'kwonseon',NULL),(1538,27,'kwonseon',NULL),(1539,28,'kwonseon',NULL),(1540,1,'kwonseon',NULL),(1541,68,'kwonseon',NULL),(1542,67,'kwonseon',NULL),(1543,68,'kwonseon',NULL),(1544,3,'kwonseon',NULL),(1545,28,'kwonseon',NULL),(1546,87,'kwonseon',NULL),(1547,28,'kwonseon',NULL),(1548,28,'kwonseon',NULL),(1549,23,'kwonseon',68),(1550,1,'kwonseon',NULL),(1551,4,'kwonseon',NULL),(1552,68,'kwonseon',NULL),(1553,68,'kwonseon',NULL),(1554,28,'kwonseon',NULL),(1555,28,'kwonseon',NULL),(1556,1,'kwonseon',NULL),(1557,87,'kwonseon',NULL),(1558,28,'kwonseon',NULL),(1559,70,'kwonseon',NULL),(1560,28,'kwonseon',NULL),(1561,28,'kwonseon',NULL),(1562,1,'kwonseon',NULL),(1563,27,'kwonseon',NULL),(1564,5,'kwonseon',NULL),(1565,4,'kwonseon',NULL),(1566,4,'kwonseon',NULL),(1567,1,'kwonseon',NULL),(1568,1,'kwonseon',NULL),(1569,85,'kwonseon',NULL),(1570,4,'kwonseon',NULL),(1571,29,'kwonseon',NULL),(1572,69,'kwonseon',NULL),(1573,68,'kwonseon',NULL),(1574,28,'kwonseon',NULL),(1575,5,'kwonseon',NULL),(1576,15,'kwonseon',NULL),(1577,70,'kwonseon',NULL),(1578,4,'kwonseon',NULL),(1579,1,'kwonseon',NULL),(1580,5,'kwonseon',NULL),(1581,85,'kwonseon',NULL),(1582,4,'kwonseon',NULL),(1583,4,'kwonseon',NULL),(1584,6,'kwonseon',NULL),(1585,68,'kwonseon',NULL),(1586,3,'kwonseon',NULL),(1587,6,'kwonseon',NULL),(1588,4,'kwonseon',NULL),(1589,5,'kwonseon',NULL),(1590,68,'kwonseon',NULL),(1591,68,'kwonseon',NULL),(1592,5,'kwonseon',NULL),(1593,27,'kwonseon',NULL),(1594,27,'kwonseon',NULL),(1595,28,'kwonseon',NULL),(1596,27,'kwonseon',NULL),(1597,27,'kwonseon',NULL),(1598,68,'kwonseon',NULL),(1599,70,'kwonseon',NULL),(1600,1,'kwonseon',NULL),(1601,68,'kwonseon',NULL),(1602,2,'kwonseon',NULL),(1603,1,'kwonseon',NULL),(1604,70,'kwonseon',NULL),(1605,1,'kwonseon',NULL),(1606,4,'kwonseon',NULL),(1607,27,'kwonseon',NULL),(1608,88,'kwonseon',NULL),(1609,2,'kwonseon',NULL),(1610,2,'kwonseon',NULL),(1611,1,'kwonseon',NULL),(1612,4,'kwonseon',NULL),(1613,15,'kwonseon',NULL),(1614,5,'kwonseon',NULL),(1615,68,'kwonseon',NULL),(1616,28,'kwonseon',NULL),(1617,1,'kwonseon',NULL),(1618,4,'kwonseon',NULL),(1619,69,'kwonseon',NULL),(1620,85,'kwonseon',NULL),(1621,4,'kwonseon',NULL),(1622,29,'kwonseon',NULL),(1623,28,'kwonseon',NULL),(1624,27,'kwonseon',NULL),(1625,6,'kwonseon',NULL),(1626,85,'kwonseon',NULL),(1627,1,'kwonseon',NULL),(1628,1,'kwonseon',NULL),(1629,68,'kwonseon',NULL),(1630,4,'kwonseon',NULL),(1631,70,'kwonseon',NULL),(1632,69,'kwonseon',NULL),(1633,4,'kwonseon',NULL),(1634,68,'kwonseon',NULL),(1635,4,'kwonseon',NULL),(1636,1,'kwonseon',NULL),(1637,7,'kwonseon',NULL),(1638,29,'kwonseon',NULL),(1639,1,'kwonseon',NULL),(1640,27,'kwonseon',NULL),(1641,1,'moolgogi',NULL),(1642,28,'kwonseon',NULL),(1643,4,'kwonseon',NULL),(1644,4,'moolgogi',NULL),(1645,68,'kwonseon',NULL),(1646,1,'moolgogi',NULL),(1647,4,'kwonseon',NULL),(1648,67,'moolgogi',11),(1649,70,'kwonseon',NULL),(1650,87,'kwonseon',NULL),(1651,6,'moolgogi',NULL),(1652,68,'kwonseon',NULL),(1653,6,'kwonseon',NULL),(1654,4,'kwonseon',NULL),(1655,27,'kwonseon',NULL),(1656,85,'kwonseon',NULL),(1657,28,'kwonseon',NULL),(1658,4,'kwonseon',NULL),(1659,68,'kwonseon',NULL),(1660,27,'kwonseon',NULL),(1661,6,'kwonseon',NULL),(1662,4,'kwonseon',NULL),(1663,5,'kwonseon',NULL),(1664,1,'kwonseon',NULL),(1665,2,'kwonseon',NULL),(1666,28,'kwonseon',NULL),(1667,5,'kwonseon',NULL),(1668,4,'kwonseon',NULL),(1669,68,'kwonseon',NULL),(1670,27,'kwonseon',NULL),(1671,30,'kwonseon',NULL),(1672,4,'kwonseon',NULL),(1673,1,'kwonseon',NULL),(1674,68,'kwonseon',NULL),(1675,29,'kwonseon',NULL),(1676,6,'kwonseon',NULL),(1677,4,'kwonseon',NULL),(1678,87,'kwonseon',NULL),(1679,28,'moolgogi',NULL),(1680,28,'moolgogi',NULL),(1681,1,'moolgogi',NULL),(1682,5,'moolgogi',NULL),(1683,68,'moolgogi',141),(1684,7,'moolgogi',11),(1685,70,'ejej',NULL),(1686,4,'ejej',NULL),(1687,70,'ejej',NULL),(1688,4,'ejej',NULL),(1689,85,'ejej',NULL),(1690,90,'user1',49),(1691,1,'hslee0912@gmail.com',183),(1692,91,'user1',NULL),(1693,92,'hslee0912@gmail.com',183),(1694,27,'hslee0912@gmail.com',183),(1695,2,'hslee0912@gmail.com',183),(1696,28,'hslee0912@gmail.com',183),(1697,27,'hslee0912@gmail.com',183),(1698,93,'user1',NULL),(1699,94,'heon',6),(1700,95,'heon',6),(1701,96,'ejoyee',7),(1702,97,'ejej',5),(1703,98,'ejej',5),(1704,99,'ejej',5),(1705,100,'ejej',5),(1706,101,'moolgogi',11),(1707,102,'moolgogi',11),(1708,103,'moolgogi',11),(1709,104,'moolgogi',11),(1710,105,'jjin4363@gmail.com',NULL),(1711,28,'jjin4363@gmail.com',NULL),(1712,69,'jjin4363@gmail.com',1),(1713,4,'jjin4363@gmail.com',NULL),(1714,6,'jjin4363@gmail.com',NULL),(1715,4,'jjin4363@gmail.com',NULL),(1716,30,'jjin4363@gmail.com',1),(1717,27,'jjin4363@gmail.com',NULL),(1718,1,'jjin4363@gmail.com',NULL),(1719,29,'jjin4363@gmail.com',NULL),(1720,85,'jjin4363@gmail.com',NULL),(1721,85,'jjin4363@gmail.com',NULL),(1722,4,'jjin4363@gmail.com',NULL),(1723,85,'jjin4363@gmail.com',NULL),(1724,29,'jjin4363@gmail.com',NULL),(1725,1,'jjin4363@gmail.com',NULL),(1726,87,'jjin4363@gmail.com',1),(1727,106,'jjin4363@gmail.com',1),(1728,107,'jjin4363@gmail.com',1),(1729,108,'moolgogi',11),(1730,109,'moolgogi',11),(1731,110,'moolgogi',11),(1732,27,'a20032718@gmail.com',NULL),(1733,2,'a20032718@gmail.com',171),(1734,28,'a20032718@gmail.com',171),(1735,4,'a20032718@gmail.com',NULL),(1736,111,'moolgogi',11),(1737,112,'moolgogi',11),(1738,113,'moolgogi',11),(1739,114,'moolgogi',11),(1740,2,'t123',NULL),(1741,6,'t123',NULL),(1742,28,'t123',NULL),(1743,2,'t123',NULL),(1744,68,'t123',NULL),(1745,4,'t123',NULL),(1746,27,'t123',NULL),(1747,5,'t123',NULL),(1748,4,'t123',NULL),(1749,1,'t123',NULL),(1750,4,'a20032718@gmail.com',NULL),(1751,85,'a20032718@gmail.com',171),(1752,4,'a20032718@gmail.com',NULL),(1753,115,'ejoyee',NULL),(1754,116,'test_yj',56),(1755,117,'heon',NULL),(1756,118,'jjin4363@gmail.com',1),(1757,119,'jjin4363@gmail.com',NULL),(1758,120,'jjin4363@gmail.com',NULL),(1759,121,'jjin4363@gmail.com',1),(1760,122,'hslee0912@gmail.com',183),(1761,123,'test_yj',216),(1762,124,'test_yj',56),(1763,125,'hslee0912@gmail.com',183),(1764,126,'jjin4363@gmail.com',NULL),(1765,127,'jjin4363@gmail.com',NULL),(1766,128,'test_yj',56),(1768,129,'ejoyee',NULL),(1769,85,'tt123',192),(1770,68,'tt123',192),(1771,130,'tt123',192),(1772,68,'ejej',NULL),(1773,29,'ejej',NULL),(1774,70,'ejej',NULL),(1775,68,'ejej',NULL),(1776,6,'ejej',NULL),(1777,85,'ejej',NULL),(1778,68,'ejej',NULL),(1779,4,'ejej',NULL),(1780,68,'ejej',NULL),(1781,68,'ejej',NULL),(1782,4,'ejej',NULL),(1783,131,'ejej',5),(1784,132,'ejej',5),(1785,1,'jiin',NULL),(1786,4,'jiin',144),(1787,70,'jiin',144),(1788,29,'Airdex',13),(1789,133,'ejoyee',7),(1790,134,'ejoyee',NULL),(1791,135,'ejoyee',NULL),(1792,1,'eejj',NULL),(1793,5,'eejj',NULL),(1794,136,'eejj',9),(1795,137,'eejj',NULL),(1796,138,'eejj',9),(1797,139,'eejj',9),(1798,140,'eejj',9),(1799,141,'eejj',9),(1800,142,'eejj',9),(1801,143,'eejj',9),(1802,144,'eejj',9),(1803,4,'Airdex',NULL),(1804,85,'Airdex',NULL),(1805,30,'Airdex',NULL),(1807,145,'heon',NULL),(1808,146,'user1',NULL),(1809,27,'dnjsrua0514@gmail.com',196),(1811,4,'dnjsrua0514@gmail.com',196),(1812,68,'dnjsrua0514@gmail.com',NULL),(1813,68,'dnjsrua0514@gmail.com',NULL),(1814,68,'dnjsrua0514@gmail.com',NULL),(1815,1,'dnjsrua0514@gmail.com',NULL),(1817,4,'jjin4363@gmail.com',NULL),(1818,85,'jjin4363@gmail.com',NULL),(1819,85,'jjin4363@gmail.com',NULL),(1820,15,'jjin4363@gmail.com',1),(1821,27,'jjin4363@gmail.com',NULL),(1822,28,'jjin4363@gmail.com',NULL),(1823,29,'jjin4363@gmail.com',NULL),(1824,68,'jjin4363@gmail.com',NULL),(1825,28,'jjin4363@gmail.com',NULL),(1826,1,'jjin4363@gmail.com',NULL),(1827,85,'jjin4363@gmail.com',NULL),(1828,5,'jjin4363@gmail.com',NULL),(1829,85,'jjin4363@gmail.com',NULL),(1830,68,'jjin4363@gmail.com',NULL),(1831,4,'jjin4363@gmail.com',NULL),(1832,28,'jjin4363@gmail.com',NULL),(1833,6,'jjin4363@gmail.com',NULL),(1834,5,'jjin4363@gmail.com',NULL),(1835,5,'jjin4363@gmail.com',NULL),(1836,2,'jjin4363@gmail.com',NULL),(1837,68,'jjin4363@gmail.com',NULL),(1838,28,'ejej',NULL),(1839,27,'ejej',NULL),(1840,147,'dlsxj101',NULL),(1841,148,'dlsxj101',2),(1842,149,'user1',49),(1843,150,'user1',NULL),(1844,151,'user1',NULL),(1845,152,'user1',49),(1846,153,'user1',NULL),(1847,154,'user1',49),(1848,155,'user1',NULL),(1849,5,'user1',NULL),(1850,85,'user1',NULL),(1851,70,'user1',NULL),(1852,6,'user1',NULL),(1853,1,'user1',49),(1854,28,'user1',NULL),(1855,27,'user1',NULL),(1856,4,'user1',NULL),(1857,68,'user1',NULL),(1858,15,'user1',NULL),(1859,1,'user1',49),(1860,4,'user1',NULL),(1861,1,'user1',49),(1862,69,'user1',49),(1863,85,'user1',NULL),(1864,68,'user1',NULL),(1865,67,'user1',49),(1866,68,'user1',NULL),(1867,1,'user1',49),(1868,1,'user1',49),(1869,27,'user1',NULL),(1870,69,'user1',49),(1871,5,'user1',NULL),(1872,1,'user1',49),(1873,4,'user1',NULL),(1874,69,'user1',49),(1875,68,'user1',NULL),(1876,27,'user1',NULL),(1877,68,'user1',NULL),(1878,70,'user1',NULL),(1879,28,'user1',NULL),(1880,27,'user1',NULL),(1881,27,'user1',NULL),(1882,27,'user1',NULL),(1883,87,'user1',NULL),(1884,29,'user1',NULL),(1885,68,'user1',NULL),(1886,1,'user1',49),(1887,4,'user1',NULL),(1888,1,'user1',49),(1889,70,'hyunddo',NULL),(1890,87,'user1',NULL),(1891,27,'user1',NULL),(1892,27,'user1',NULL),(1893,68,'user1',NULL),(1894,68,'user1',NULL),(1895,1,'user1',49),(1896,87,'hyunddo',96),(1897,67,'user1',49),(1898,2,'hyunddo',NULL),(1899,70,'hyunddo',NULL),(1900,27,'user1',NULL),(1901,6,'user1',NULL),(1902,156,'user1',49),(1903,157,'user1',49),(1904,68,'jjin4363@gmail.com',NULL),(1905,3,'jjin4363@gmail.com',1),(1906,6,'jjin4363@gmail.com',NULL),(1907,158,'ejoyee',NULL),(1908,159,'ejoyee',7),(1909,160,'heon',NULL),(1910,161,'ejoyee',NULL),(1911,162,'heon',NULL),(1912,163,'heon',NULL),(1913,164,'ejoyee',7),(1914,165,'ejoyee',NULL),(1915,166,'ejoyee',NULL),(1916,167,'ejoyee',7),(1917,168,'ejoyee',NULL),(1918,169,'ejoyee',NULL),(1919,170,'ejoyee',7),(1920,171,'ejoyee',NULL),(1921,172,'ejoyee',NULL),(1922,173,'ejoyee',7),(1923,174,'heon',NULL),(1924,175,'ejoyee',NULL),(1925,176,'ejoyee',NULL),(1926,177,'heon',6),(1927,178,'heon',NULL),(1928,179,'dlsxj101',NULL),(1929,180,'ejoyee',NULL),(1930,181,'ejoyee',57),(1931,182,'jo',54),(1932,183,'jo',54),(1933,184,'jo',NULL),(1934,87,'f',200),(1935,7,'dlsxj101',NULL),(1936,185,'dlsxj101',NULL),(1937,6,'jiin',NULL),(1938,1,'jiin',144),(1939,186,'jiin',144),(1940,187,'t123',12),(1942,189,'jiin',144),(1944,191,'testuser',103),(1945,1,'testuser',103),(1946,68,'testuser',103),(1947,192,'ejoyee',NULL),(1948,193,'ejoyee',NULL),(1949,194,'hslee0912@gmail.com',183),(1950,195,'ejoyee',NULL),(1951,70,'95dmstjs',94),(1952,87,'95dmstjs',94),(1953,196,'95dmstjs',94),(1954,1,'soomini',55),(1955,1,'hslee0912@gmail.com',183),(1956,68,'hslee0912@gmail.com',183),(1957,197,'testuser',NULL),(1958,88,'95dmstjs',94),(1959,4,'jjin4363@gmail.com',NULL),(1960,28,'jjin4363@gmail.com',NULL),(1961,87,'jjin4363@gmail.com',NULL),(1962,68,'hslee0912@gmail.com',183),(1963,27,'soomini',55),(1964,4,'95dmstjs',94),(1965,6,'95dmstjs',94),(1966,68,'hi',NULL),(1967,27,'skdud5126',116),(1968,68,'jiin',NULL),(1969,7,'skdud5126',116),(1970,28,'soomini',NULL),(1971,28,'95dmstjs',94),(1972,5,'95dmstjs',94),(1973,4,'95dmstjs',NULL),(1974,1,'95dmstjs',94),(1975,27,'95dmstjs',94),(1976,68,'95dmstjs',94),(1977,6,'jiin',NULL),(1978,68,'jiin',NULL),(1979,85,'jiin',144),(1980,198,'testuser',NULL),(1981,6,'jiin',144),(1982,199,'testuser',103),(1983,4,'kkgojn@gmail.com',211),(1984,4,'testuser',103),(1985,70,'testuser',103),(1986,5,'testuser',104),(1987,29,'hi',NULL),(1988,85,'testuser',103),(1989,5,'testuser',103),(1990,28,'testuser',103),(1991,23,'testuser',103),(1992,70,'hi',NULL),(1993,68,'kkgojn@gmail.com',NULL),(1994,28,'95dmstjs',NULL),(1995,4,'95dmstjs',NULL),(1996,4,'95dmstjs',NULL),(1997,27,'95dmstjs',NULL),(1998,27,'95dmstjs',NULL),(1999,28,'95dmstjs',NULL),(2000,27,'95dmstjs',NULL),(2001,29,'95dmstjs',NULL),(2002,1,'95dmstjs',NULL),(2003,1,'skdud5126',NULL),(2004,4,'skdud5126',NULL),(2005,6,'skdud5126',116),(2006,28,'kkgojn@gmail.com',NULL),(2007,27,'hi',NULL),(2008,1,'hi',NULL),(2009,70,'hi',NULL),(2010,69,'jiin',144),(2011,200,'testuser',103),(2012,87,'skdud5126',116),(2013,68,'skdud5126',116),(2014,4,'skdud5126',NULL),(2015,1,'Airdex',NULL),(2016,4,'skdud5126',NULL),(2017,1,'skdud5126',NULL),(2018,3,'skdud5126',116),(2019,88,'skdud5126',116),(2020,27,'skdud5126',NULL),(2021,23,'skdud5126',NULL),(2022,70,'hi',NULL),(2023,85,'skdud5126',NULL),(2024,4,'hi',NULL),(2025,4,'skdud5126',NULL),(2026,2,'hi',NULL),(2027,6,'skdud5126',NULL),(2028,68,'hi',NULL),(2029,29,'hi',NULL),(2030,68,'hi',NULL),(2031,1,'hi',NULL),(2032,68,'hi',NULL),(2033,85,'hi',NULL),(2034,85,'hi',NULL),(2035,2,'hi',NULL),(2036,4,'hi',NULL),(2037,201,'jiin',144),(2038,85,'hi',NULL),(2039,28,'hi',NULL),(2040,27,'hi',NULL),(2041,4,'hi',NULL),(2042,68,'hi',NULL),(2043,30,'hi',209),(2044,68,'testuser',104),(2045,5,'testuser',NULL),(2046,27,'testuser',103),(2047,29,'testuser',NULL),(2048,23,'testuser',104),(2049,202,'test_yj',216),(2050,28,'qwerqwer',212),(2051,203,'t123',12),(2052,4,'hi',NULL),(2053,88,'hi',209),(2054,68,'hi',NULL),(2055,1,'qwerqwer',212),(2056,29,'qwerqwer',212),(2057,68,'qwerqwer',NULL),(2058,6,'qwerqwer',212),(2059,88,'qwerqwer',212),(2060,4,'qwerqwer',NULL),(2061,6,'qwerqwer',212),(2062,27,'qwerqwer',NULL),(2063,2,'qwerqwer',NULL),(2064,27,'qwerqwer',NULL),(2065,4,'qwerqwer',NULL),(2066,68,'qwerqwer',NULL),(2067,6,'qwerqwer',212),(2068,4,'qwerqwer',NULL),(2069,5,'qwerqwer',212),(2070,70,'qwerqwer',212),(2071,28,'qwerqwer',212),(2072,68,'qwerqwer',NULL),(2073,1,'qwerqwer',212),(2074,28,'qwerqwer',NULL),(2075,3,'qwerqwer',212),(2076,29,'qwerqwer',NULL),(2077,87,'qwerqwer',212),(2078,29,'qwerqwer',NULL),(2079,6,'qwerqwer',NULL),(2080,4,'qwerqwer',NULL),(2081,68,'qwerqwer',NULL),(2082,27,'qwerqwer',NULL),(2083,4,'qwerqwer',NULL),(2084,4,'qwerqwer',NULL),(2085,6,'qwerqwer',NULL),(2086,4,'qwerqwer',NULL),(2087,29,'qwerqwer',NULL),(2088,27,'qwerqwer',NULL),(2089,5,'qwerqwer',212),(2090,1,'qwerqwer',NULL),(2091,28,'qwerqwer',NULL),(2092,1,'qwerqwer',NULL),(2093,5,'qwerqwer',NULL),(2094,1,'qwerqwer',NULL),(2095,1,'qwerqwer',NULL),(2096,23,'qwerqwer',212),(2097,29,'qwerqwer',NULL),(2098,27,'qwerqwer',NULL),(2099,6,'qwerqwer',NULL),(2100,68,'qwerqwer',NULL),(2101,4,'qwerqwer',NULL),(2102,68,'qwerqwer',NULL),(2103,68,'qwerqwer',NULL),(2104,68,'qwerqwer',NULL),(2105,28,'qwerqwer',NULL),(2106,2,'qwerqwer',NULL),(2107,2,'qwerqwer',NULL),(2108,5,'qwerqwer',NULL),(2109,6,'qwerqwer',NULL),(2110,27,'qwerqwer',NULL),(2111,28,'qwerqwer',NULL),(2112,69,'qwerqwer',NULL),(2113,4,'qwerqwer',NULL),(2114,28,'qwerqwer',NULL),(2115,1,'qwerqwer',NULL),(2116,7,'qwerqwer',NULL),(2117,70,'qwerqwer',212),(2118,1,'qwerqwer',NULL),(2119,7,'qwerqwer',NULL),(2120,28,'qwerqwer',NULL),(2121,27,'qwerqwer',NULL),(2122,4,'qwerqwer',NULL),(2123,70,'qwerqwer',212),(2124,85,'qwerqwer',212),(2125,67,'qwerqwer',212),(2126,1,'qwerqwer',NULL),(2127,6,'qwerqwer',NULL),(2128,1,'qwerqwer',NULL),(2129,28,'qwerqwer',NULL),(2130,70,'qwerqwer',212),(2131,27,'qwerqwer',NULL),(2132,1,'qwerqwer',NULL),(2133,1,'qwerqwer',NULL),(2134,29,'qwerqwer',NULL),(2135,7,'qwerqwer',NULL),(2136,28,'qwerqwer',NULL),(2137,4,'qwerqwer',NULL),(2138,70,'qwerqwer',212),(2139,27,'qwerqwer',NULL),(2140,68,'qwerqwer',NULL),(2141,4,'qwerqwer',NULL),(2142,27,'qwerqwer',NULL),(2143,4,'qwerqwer',NULL),(2144,1,'qwerqwer',NULL),(2145,29,'qwerqwer',NULL),(2146,68,'qwerqwer',NULL),(2147,68,'qwerqwer',NULL),(2148,27,'qwerqwer',NULL),(2149,4,'qwerqwer',NULL),(2150,5,'qwerqwer',NULL),(2151,27,'qwerqwer',NULL),(2152,68,'qwerqwer',NULL),(2153,4,'qwerqwer',NULL),(2154,29,'qwerqwer',NULL),(2155,85,'qwerqwer',212),(2156,1,'qwerqwer',NULL),(2157,7,'qwerqwer',NULL),(2158,1,'qwerqwer',NULL),(2159,1,'qwerqwer',NULL),(2160,27,'qwerqwer',NULL),(2161,1,'qwerqwer',NULL),(2162,85,'qwerqwer',212),(2163,1,'qwerqwer',NULL),(2164,27,'qwerqwer',NULL),(2165,28,'qwerqwer',NULL),(2166,5,'qwerqwer',NULL),(2167,27,'qwerqwer',NULL),(2168,6,'qwerqwer',NULL),(2169,4,'qwerqwer',NULL),(2170,1,'qwerqwer',NULL),(2171,69,'qwerqwer',NULL),(2172,70,'qwerqwer',NULL),(2173,6,'qwerqwer',NULL),(2174,23,'qwerqwer',NULL),(2175,1,'qwerqwer',NULL),(2176,68,'qwerqwer',NULL),(2177,68,'qwerqwer',NULL),(2178,4,'qwerqwer',NULL),(2179,4,'qwerqwer',NULL),(2180,87,'qwerqwer',212),(2181,6,'qwerqwer',NULL),(2182,27,'qwerqwer',NULL),(2183,27,'qwerqwer',NULL),(2184,28,'qwerqwer',NULL),(2185,70,'qwerqwer',NULL),(2186,70,'qwerqwer',NULL),(2187,27,'qwerqwer',NULL),(2188,27,'qwerqwer',NULL),(2189,68,'qwerqwer',NULL),(2190,1,'qwerqwer',NULL),(2191,2,'qwerqwer',NULL),(2192,4,'qwerqwer',NULL),(2193,68,'qwerqwer',NULL),(2194,5,'qwerqwer',NULL),(2195,1,'qwerqwer',NULL),(2196,1,'qwerqwer',NULL),(2197,88,'qwerqwer',212),(2198,87,'qwerqwer',212),(2199,3,'qwerqwer',212),(2200,68,'qwerqwer',NULL),(2201,4,'qwerqwer',NULL),(2202,2,'qwerqwer',NULL),(2203,6,'qwerqwer',NULL),(2204,5,'qwerqwer',NULL),(2205,1,'qwerqwer',NULL),(2206,70,'qwerqwer',NULL),(2207,28,'qwerqwer',NULL),(2208,85,'qwerqwer',NULL),(2209,68,'qwerqwer',NULL),(2210,6,'qwerqwer',NULL),(2211,1,'qwerqwer',NULL),(2212,68,'qwerqwer',NULL),(2213,68,'qwerqwer',NULL),(2214,28,'qwerqwer',NULL),(2215,6,'qwerqwer',NULL),(2216,2,'qwerqwer',NULL),(2217,27,'qwerqwer',NULL),(2218,70,'qwerqwer',NULL),(2219,23,'qwerqwer',NULL),(2220,28,'qwerqwer',NULL),(2221,5,'qwerqwer',NULL),(2222,85,'qwerqwer',NULL),(2223,4,'qwerqwer',NULL),(2224,68,'qwerqwer',NULL),(2225,4,'qwerqwer',NULL),(2226,6,'qwerqwer',NULL),(2227,28,'qwerqwer',NULL),(2228,1,'qwerqwer',NULL),(2229,4,'qwerqwer',NULL),(2230,29,'qwerqwer',NULL),(2231,3,'qwerqwer',NULL),(2232,4,'qwerqwer',NULL),(2233,6,'qwerqwer',NULL),(2234,68,'qwerqwer',NULL),(2235,1,'qwerqwer',NULL),(2236,27,'qwerqwer',NULL),(2237,68,'qwerqwer',NULL),(2238,5,'qwerqwer',NULL),(2239,1,'qwerqwer',NULL),(2240,29,'qwerqwer',NULL),(2241,1,'qwerqwer',NULL),(2242,5,'qwerqwer',NULL),(2243,1,'qwerqwer',NULL),(2244,5,'qwerqwer',NULL),(2245,28,'qwerqwer',NULL),(2246,30,'qwerqwer',212),(2247,67,'qwerqwer',212),(2248,23,'qwerqwer',NULL),(2249,68,'qwerqwer',NULL),(2250,27,'qwerqwer',NULL),(2251,28,'qwerqwer',NULL),(2252,28,'qwerqwer',NULL),(2253,70,'qwerqwer',NULL),(2254,4,'qwerqwer',NULL),(2255,2,'qwerqwer',NULL),(2256,5,'qwerqwer',NULL),(2257,1,'qwerqwer',NULL),(2258,1,'qwerqwer',NULL),(2259,5,'qwerqwer',NULL),(2260,5,'qwerqwer',NULL),(2261,30,'qwerqwer',212),(2262,28,'qwerqwer',NULL),(2263,4,'qwerqwer',NULL),(2264,28,'qwerqwer',NULL),(2265,6,'qwerqwer',NULL),(2266,2,'qwerqwer',NULL),(2267,30,'qwerqwer',NULL),(2268,15,'qwerqwer',212),(2269,87,'qwerqwer',NULL),(2270,6,'qwerqwer',NULL),(2271,88,'qwerqwer',212),(2272,27,'qwerqwer',NULL),(2273,4,'qwerqwer',NULL),(2274,204,'testuser',103),(2275,205,'jiin',NULL),(2276,28,'alswp936936@gmail.com',213),(2277,206,'testuser',103),(2278,1,'alswp936936@gmail.com',213),(2279,4,'alswp936936@gmail.com',213),(2280,4,'jiin',NULL),(2281,2,'jiin',NULL),(2282,1,'jiin',NULL),(2283,68,'jiin',144),(2284,1,'alswp936936@gmail.com',213),(2285,28,'jiin',144),(2286,7,'alswp936936@gmail.com',213),(2287,7,'jiin',144),(2288,1,'alswp936936@gmail.com',213),(2289,4,'jiin',NULL),(2290,70,'jiin',144),(2291,27,'jiin',NULL),(2292,7,'jiin',144),(2293,5,'jiin',144),(2294,68,'ssafykms@gmail.com',214),(2295,207,'zeeyeonleee@gmail.com',142),(2296,29,'hi',NULL),(2297,85,'hi',NULL),(2298,4,'hi',NULL),(2299,70,'hi',NULL),(2300,67,'hi',209),(2301,29,'hi',NULL),(2302,5,'hi',NULL),(2303,27,'hi',NULL),(2304,3,'hi',209),(2305,1,'hi',NULL),(2306,28,'hi',NULL),(2307,28,'hi',NULL),(2308,68,'hi',NULL),(2309,1,'hi',NULL),(2310,27,'hi',NULL),(2311,28,'hi',NULL),(2312,68,'hi',NULL),(2313,4,'hi',NULL),(2314,27,'hi',NULL),(2315,4,'hi',NULL),(2316,1,'hi',NULL),(2317,29,'hi',NULL),(2318,1,'hi',NULL),(2319,28,'hi',NULL),(2320,4,'hi',NULL),(2321,27,'hi',NULL),(2322,4,'hi',NULL),(2323,4,'hi',NULL),(2324,27,'hi',NULL),(2325,68,'hi',NULL),(2326,27,'hi',NULL),(2327,85,'hi',NULL),(2328,85,'hi',NULL),(2329,28,'hi',NULL),(2330,1,'hi',NULL),(2331,28,'hi',NULL),(2332,29,'hi',NULL),(2333,27,'hi',NULL),(2334,28,'hi',NULL),(2335,85,'hi',NULL),(2336,28,'hi',NULL),(2337,4,'hi',NULL),(2338,68,'hi',NULL),(2339,70,'hi',NULL),(2340,5,'hi',NULL),(2341,2,'hi',NULL),(2342,1,'hi',NULL),(2343,15,'hi',209),(2344,6,'hi',NULL),(2345,28,'hi',NULL),(2346,1,'hi',NULL),(2347,4,'hi',NULL),(2348,1,'hi',NULL),(2349,4,'hi',NULL),(2350,1,'hi',NULL),(2351,2,'hi',NULL),(2352,68,'hi',NULL),(2353,68,'hi',NULL),(2354,5,'hi',NULL),(2355,1,'hi',NULL),(2356,6,'hi',NULL),(2357,68,'hi',NULL),(2358,3,'hi',NULL),(2359,67,'hi',NULL),(2360,28,'ssafykms@gmail.com',214),(2361,4,'hi',NULL),(2362,28,'hi',NULL),(2363,27,'hi',NULL),(2364,1,'jiin',NULL),(2365,5,'hi',NULL),(2366,23,'hi',209),(2367,27,'hi',NULL),(2368,28,'hi',NULL),(2369,68,'ssafykms@gmail.com',214),(2370,29,'hi',NULL),(2371,28,'jiin',NULL),(2372,5,'hi',NULL),(2373,1,'hi',NULL),(2374,27,'hi',NULL),(2375,4,'hi',NULL),(2376,28,'ssafykms@gmail.com',214),(2377,28,'jiin',NULL),(2378,68,'hi',NULL),(2379,85,'hi',NULL),(2380,208,'test_yj',56),(2381,68,'hi',NULL),(2382,1,'hi',NULL),(2383,2,'hi',NULL),(2384,29,'jiin',144),(2385,30,'ssafykms@gmail.com',214),(2386,67,'hi',NULL),(2387,68,'hi',NULL),(2388,4,'hi',NULL),(2389,27,'hi',NULL),(2390,1,'hi',NULL),(2391,85,'hi',NULL),(2392,27,'jiin',NULL),(2393,28,'ssafykms@gmail.com',214),(2394,68,'hi',NULL),(2395,87,'hi',NULL),(2396,5,'hi',NULL),(2397,28,'hi',NULL),(2398,28,'hi',NULL),(2399,87,'hi',NULL),(2400,6,'hi',NULL),(2401,68,'hi',NULL),(2402,85,'hi',NULL),(2403,27,'hi',NULL),(2404,30,'hi',NULL),(2405,23,'hi',NULL),(2406,23,'hi',NULL),(2407,1,'hi',NULL),(2408,68,'hi',NULL),(2409,6,'hi',NULL),(2410,68,'hi',NULL),(2411,1,'hi',NULL),(2412,2,'hi',NULL),(2413,23,'hi',NULL),(2414,1,'hi',NULL),(2415,2,'hi',NULL),(2416,27,'hi',NULL),(2417,1,'hi',NULL),(2418,29,'hi',NULL),(2419,4,'hi',NULL),(2420,28,'hi',NULL),(2421,27,'hi',NULL),(2422,28,'hi',NULL),(2423,70,'hi',NULL),(2424,28,'hi',NULL),(2425,68,'hi',NULL),(2426,6,'hi',NULL),(2427,4,'hi',NULL),(2428,7,'hi',209),(2429,4,'hi',NULL),(2430,68,'hi',NULL),(2431,69,'hi',209),(2432,1,'hi',NULL),(2433,28,'hi',NULL),(2434,28,'hi',NULL),(2435,28,'hi',NULL),(2436,5,'hi',NULL),(2437,88,'hi',NULL),(2438,28,'hi',NULL),(2439,27,'hi',NULL),(2440,6,'hi',NULL),(2441,85,'hi',NULL),(2442,27,'hi',NULL),(2443,27,'jiin',NULL),(2444,5,'jiin',NULL),(2445,68,'jiin',NULL),(2446,68,'testuser',NULL),(2447,70,'testuser',NULL),(2448,87,'testuser',NULL),(2449,29,'testuser',NULL),(2450,70,'testuser',NULL),(2451,2,'testuser',NULL),(2452,27,'akacast01',215),(2453,28,'jiin',NULL),(2454,1,'jiin',NULL),(2455,1,'jiin',NULL),(2456,4,'akacast01',215),(2457,27,'akacast01',NULL),(2458,87,'akacast01',215),(2459,4,'akacast01',NULL),(2460,70,'akacast01',215),(2461,209,'zeeyeonleee@gmail.com',142),(2462,1,'akacast01',215),(2463,4,'zeeyeonleee@gmail.com',142),(2464,3,'jiin',NULL),(2465,68,'akacast01',215),(2466,5,'jiin',NULL),(2467,28,'jiin',NULL),(2468,210,'akacast01',215),(2469,211,'test_yj',56),(2470,87,'akacast01',NULL),(2471,1,'akacast01',217),(2472,1,'akacast01',NULL),(2473,27,'akacast01',NULL),(2474,28,'akacast01',215),(2475,68,'akacast01',NULL),(2476,1,'jiin',NULL),(2477,1,'akacast01',NULL),(2478,68,'jiin',NULL),(2479,27,'jiin',NULL),(2480,68,'akacast01',NULL),(2481,68,'hslee0912@gmail.com',183),(2482,4,'akacast01',NULL),(2483,3,'hslee0912@gmail.com',183),(2484,68,'hslee0912@gmail.com',183),(2485,27,'hslee0912@gmail.com',183),(2486,27,'hslee0912@gmail.com',183),(2487,4,'hslee0912@gmail.com',183),(2488,28,'hslee0912@gmail.com',183),(2489,68,'hslee0912@gmail.com',183),(2490,28,'akacast01',NULL),(2491,2,'akacast01',215),(2492,212,'t123',12),(2493,4,'moomu.like',218),(2494,85,'hslee0912@gmail.com',183),(2495,1,'moomu.like',218),(2496,27,'hslee0912@gmail.com',183),(2497,5,'hslee0912@gmail.com',183),(2498,68,'moomu.like',218),(2499,70,'moomu.like',218),(2500,68,'moomu.like',218),(2501,4,'poem1999515@gmail.com',NULL),(2502,28,'poem1999515@gmail.com',NULL),(2503,28,'poem1999515@gmail.com',NULL),(2504,213,'zeeyeonleee@gmail.com',142),(2505,2,'soomini',NULL),(2506,68,'soomini',NULL),(2507,28,'soomini',NULL),(2508,70,'jiin',NULL),(2509,27,'jiin',NULL),(2510,68,'jiin',NULL),(2511,69,'jiin',144),(2512,23,'jiin',144),(2513,4,'jiin',NULL),(2514,27,'ssafy',NULL),(2515,214,'qwerqwer',NULL),(2516,68,'poem1999515@gmail.com',NULL),(2517,68,'poem1999515@gmail.com',NULL),(2518,28,'poem1999515@gmail.com',NULL),(2519,2,'poem1999515@gmail.com',90),(2520,69,'poem1999515@gmail.com',90),(2521,27,'poem1999515@gmail.com',NULL),(2522,3,'poem1999515@gmail.com',90),(2523,23,'poem1999515@gmail.com',90),(2524,68,'poem1999515@gmail.com',NULL),(2525,27,'poem1999515@gmail.com',NULL),(2526,1,'poem1999515@gmail.com',NULL),(2527,2,'poem1999515@gmail.com',90),(2528,68,'poem1999515@gmail.com',NULL),(2529,68,'poem1999515@gmail.com',NULL),(2530,28,'poem1999515@gmail.com',NULL),(2531,28,'user1',NULL),(2532,1,'rong030304',225),(2533,6,'rong030304',225),(2534,2,'rong030304',225),(2535,28,'rong030304',225),(2536,4,'rong030304',225),(2537,2,'rong030304',NULL),(2538,87,'yoonr72',NULL),(2539,30,'95dmstjs',94),(2540,68,'rong030304',225),(2541,6,'rong030304',NULL),(2542,1,'rong030304',NULL),(2543,27,'poem1999515@gmail.com',NULL),(2544,1,'poem1999515@gmail.com',NULL),(2545,27,'poem1999515@gmail.com',NULL),(2546,88,'ejej',NULL),(2547,4,'ejej',NULL),(2548,6,'ejej',NULL),(2549,28,'yoonr72',229),(2550,4,'yoonr72',229),(2551,27,'yoonr72',NULL),(2552,85,'yoonr72',NULL),(2553,68,'yoonr72',229),(2554,68,'t123',NULL),(2555,6,'t123',NULL),(2556,27,'t123',NULL),(2557,87,'t123',NULL),(2558,215,'kwonseon',68),(2559,216,'kwonseon',68),(2560,217,'kwonseon',68),(2561,218,'kwonseon',68),(2562,219,'kwonseon',68),(2563,220,'kwonseon',68),(2564,30,'dltkdghk1058@gmail.com',NULL),(2565,29,'dltkdghk1058@gmail.com',NULL),(2566,2,'dltkdghk1058@gmail.com',NULL),(2567,68,'dltkdghk1058@gmail.com',NULL),(2568,6,'dltkdghk1058@gmail.com',NULL),(2569,28,'dltkdghk1058@gmail.com',NULL),(2570,68,'zeeyeonleee@gmail.com',142),(2571,2,'zeeyeonleee@gmail.com',142),(2572,27,'zeeyeonleee@gmail.com',142),(2573,68,'songhun829@ajou.ac.kr',234),(2574,4,'hslee0912@gmail.com',183),(2575,87,'hslee0912@gmail.com',183),(2576,1,'hslee0912@gmail.com',183),(2577,28,'misterlee95@gmail.com',235),(2578,6,'95dmstjs',NULL),(2579,68,'95dmstjs',NULL),(2580,87,'95dmstjs',NULL),(2581,6,'95dmstjs',NULL),(2582,2,'95dmstjs',NULL),(2583,221,'eejj',9),(2584,68,'ejej',NULL),(2585,28,'soomini',NULL),(2586,5,'soomini',NULL),(2587,23,'soomini',NULL),(2588,28,'soomini',NULL),(2589,27,'soomini',NULL),(2590,1,'soomini',NULL),(2591,68,'tutorial',237),(2592,2,'Airdex',NULL),(2593,222,'tutorial',237),(2594,2,'jiin',NULL),(2595,68,'jiin',NULL),(2596,1,'jiin',NULL),(2597,27,'jiin',NULL),(2598,5,'jiin',NULL),(2599,1,'jiin',NULL),(2600,4,'jiin',NULL),(2601,1,'jiin',NULL),(2602,5,'jiin',NULL),(2603,223,'heon',NULL),(2604,224,'heon',NULL),(2605,68,'jjin4363@gmail.com',NULL),(2606,70,'jjin4363@gmail.com',1),(2607,28,'jjin4363@gmail.com',NULL),(2608,7,'jjin4363@gmail.com',1),(2609,28,'jjin4363@gmail.com',NULL),(2610,28,'jjin4363@gmail.com',NULL),(2611,1,'jjin4363@gmail.com',NULL),(2612,4,'jjin4363@gmail.com',NULL),(2613,88,'jjin4363@gmail.com',1),(2614,29,'jjin4363@gmail.com',NULL),(2615,70,'jjin4363@gmail.com',1),(2616,87,'jjin4363@gmail.com',NULL),(2617,27,'jjin4363@gmail.com',NULL),(2618,67,'moolgogi3',244),(2619,1,'hyunddo',NULL),(2620,23,'hyunddo',NULL),(2621,1,'hyunddo',NULL),(2622,1,'hyunddo',NULL),(2623,85,'hyunddo',96),(2624,27,'hyunddo',NULL),(2625,29,'hyunddo',NULL),(2626,30,'hyunddo',96),(2627,27,'hyunddo',NULL),(2628,4,'hyunddo',NULL),(2629,88,'hyunddo',96),(2630,1,'ramge1324@gmail.com',246),(2631,68,'test123',NULL),(2632,6,'ramge1324@gmail.com',246),(2633,4,'ramge1324@gmail.com',246),(2634,225,'ramge1324@gmail.com',246),(2635,2,'test_yj',NULL),(2636,1,'test_yj',NULL),(2637,85,'test_yj',NULL),(2638,1,'test_yj',NULL),(2639,70,'test_yj',NULL),(2640,4,'test_yj',NULL),(2641,88,'test_yj',NULL),(2642,1,'test_yj',NULL),(2643,1,'test_yj',NULL),(2644,226,'ejoyee',NULL),(2645,227,'ejoyee',NULL),(2646,1,'ejoyee',NULL),(2647,29,'ejoyee',NULL),(2648,228,'heon',NULL),(2649,229,'jo',NULL),(2650,230,'jo',NULL),(2651,231,'jo',NULL),(2652,232,'jo',NULL),(2653,4,'hslee0912@gmail.com',183),(2654,4,'poem1999515@gmail.com',NULL),(2655,28,'poem1999515@gmail.com',NULL),(2656,1,'poem1999515@gmail.com',NULL),(2657,27,'poem1999515@gmail.com',NULL),(2658,15,'poem1999515@gmail.com',90),(2659,28,'poem1999515@gmail.com',NULL),(2660,23,'heon',NULL),(2661,233,'heon',6),(2662,2,'sdfkln',251),(2663,1,'kdyveliz',62),(2664,5,'sdfkln',251),(2665,1,'sdfkln',251),(2666,28,'sdfkln',251),(2667,1,'sdfkln',251),(2668,69,'sdfkln',251),(2669,27,'sdfkln',251),(2670,87,'sdfkln',251),(2671,85,'sdfkln',251),(2672,27,'kdyveliz',62),(2673,5,'kdyveliz',62),(2674,29,'kdyveliz',62),(2675,87,'kdyveliz',62),(2676,85,'kdyveliz',62),(2677,234,'kwonseon',68),(2678,235,'kwonseon',68),(2679,236,'sdfkln',251),(2680,1,'kdyveliz',62),(2681,1,'kdyveliz',62),(2682,1,'kdyveliz',62),(2683,5,'sdfkln',251),(2684,85,'sdfkln',251),(2685,237,'t123',12),(2686,238,'t123',12),(2687,88,'95dmstjs',94),(2688,5,'95dmstjs',NULL),(2689,27,'95dmstjs',NULL),(2690,15,'95dmstjs',94),(2691,1,'95dmstjs',NULL),(2692,2,'95dmstjs',NULL),(2693,67,'soomini',NULL),(2694,68,'soomini',NULL),(2695,4,'soomini',NULL),(2696,28,'jjin4363@gmail.com',NULL),(2697,67,'jjin4363@gmail.com',1),(2698,4,'jjin4363@gmail.com',NULL),(2699,87,'jjin4363@gmail.com',NULL),(2700,2,'jjin4363@gmail.com',NULL),(2701,3,'jjin4363@gmail.com',1),(2702,5,'jjin4363@gmail.com',NULL),(2703,28,'jjin4363@gmail.com',NULL),(2704,239,'95dmstjs',94),(2705,23,'jiin',144),(2706,28,'jjin4363@gmail.com',NULL),(2707,1,'jiin',NULL),(2708,4,'jjin4363@gmail.com',NULL),(2709,87,'jiin',144),(2710,240,'95dmstjs',94),(2711,5,'jiin',NULL),(2712,4,'jiin',NULL),(2713,68,'jiin',NULL),(2714,241,'jjin4363@gmail.com',NULL),(2715,242,'moolgogi',NULL),(2716,243,'moolgogi',NULL),(2717,244,'moolgogi',NULL),(2718,245,'moolgogi',NULL),(2719,246,'moolgogi',NULL),(2720,247,'moolgogi',NULL),(2721,248,'moolgogi',NULL),(2722,249,'ejej',5),(2723,250,'heon',NULL),(2724,251,'heon',NULL),(2725,29,'jiin',NULL),(2726,85,'jiin',NULL),(2727,87,'jiin',NULL),(2728,5,'jiin',NULL),(2729,85,'jiin',NULL),(2730,29,'jiin',NULL),(2731,1,'yoonr72',229),(2732,87,'yoonr72',229),(2733,27,'yoonr72',NULL),(2734,88,'yoonr72',229),(2735,68,'yoonr72',NULL),(2736,27,'yoonr72',NULL),(2737,3,'yoonr72',NULL),(2738,87,'yoonr72',NULL),(2739,29,'yoonr72',229),(2740,6,'wldms3333@gmail.com',255),(2741,29,'admin',256),(2742,28,'kimyejin0044@gmail.com',257),(2743,252,'kimyejin0044@gmail.com',257),(2744,70,'roya0818',261),(2745,2,'dlawoduf16@naver.com',263),(2746,4,'wkdqhrhkd12@gmail.com',NULL),(2747,28,'poem1999515@gmail.com',NULL),(2748,68,'poem1999515@gmail.com',NULL),(2749,28,'poem1999515@gmail.com',NULL),(2750,29,'roya0818',261),(2751,28,'roya0818',261),(2752,27,'roya0818',261),(2753,5,'roya0818',261),(2754,4,'roya0818',261),(2755,87,'fkdldj4857@gmail.com',NULL),(2756,28,'dlawoduf16@naver.com',263),(2757,4,'dlawoduf16@naver.com',263),(2758,27,'dlawoduf16@naver.com',263),(2759,4,'dlawoduf16@naver.com',263),(2760,67,'dlawoduf16@naver.com',263),(2761,28,'cavy1234',267),(2762,68,'dlawoduf16@naver.com',263),(2763,15,'dlawoduf16@naver.com',263),(2764,68,'qwsxza019@gmail.com',NULL),(2765,1,'cavy1234',267),(2766,6,'cavy1234',267),(2767,253,'dlawoduf16@naver.com',263),(2768,27,'ssafy0626@gmail.com',269),(2769,30,'sea',270),(2770,4,'soohong0311@gmail.com',NULL),(2771,254,'ssafy0626@gmail.com',269),(2772,4,'ssafy0626@gmail.com',269),(2773,255,'sea',270),(2774,1,'sejong980929nini@gmail.com',285),(2775,1,'sejong980929nini@gmail.com',285),(2776,4,'sejong980929nini@gmail.com',273),(2777,7,'duk9741@gmail.com',NULL),(2778,29,'sejong980929nini@gmail.com',273),(2779,68,'sejong980929nini@gmail.com',273),(2780,27,'sejong980929nini@gmail.com',273),(2781,1,'duk9741@gmail.com',NULL),(2782,70,'duk9741@gmail.com',NULL),(2783,29,'duk9741@gmail.com',NULL),(2784,3,'duk9741@gmail.com',NULL),(2785,28,'duk9741@gmail.com',NULL),(2786,23,'chlwodlrzzang@gmail.com',NULL),(2787,6,'gksals9563@gmail.com',278),(2788,28,'gksals9563@gmail.com',278),(2789,2,'gksals9563@gmail.com',278),(2790,2,'yoonr72',229),(2791,4,'yoonr72',NULL),(2792,256,'sejong980929nini@gmail.com',273),(2793,29,'yoonr72',NULL),(2794,257,'sejong980929nini@gmail.com',273),(2795,258,'sejong980929nini@gmail.com',273),(2796,259,'sejong980929nini@gmail.com',273),(2797,260,'sejong980929nini@gmail.com',273),(2798,88,'tpdbs0701@gmail.com',280),(2799,27,'yoonr72',NULL),(2800,4,'yoonr72',NULL),(2801,27,'yoonr72',NULL),(2802,261,'sejong980929nini@gmail.com',273),(2803,1,'sejong980929nini@gmail.com',285),(2804,28,'sejong980929nini@gmail.com',273),(2805,28,'sejong980929nini@gmail.com',273),(2806,5,'sejong980929nini@gmail.com',273),(2807,5,'sejong980929nini@gmail.com',273),(2808,87,'sejong980929nini@gmail.com',273),(2809,85,'sejong980929nini@gmail.com',273),(2810,70,'sejong980929nini@gmail.com',273),(2811,1,'sejong980929nini@gmail.com',285),(2812,27,'sejong980929nini@gmail.com',273),(2813,4,'sejong980929nini@gmail.com',273),(2814,2,'sejong980929nini@gmail.com',273),(2815,15,'sejong980929nini@gmail.com',273),(2816,1,'sejong980929nini@gmail.com',285),(2817,23,'sejong980929nini@gmail.com',273),(2818,68,'tpdbs0701@gmail.com',280),(2819,5,'sejong980929nini@gmail.com',273),(2820,27,'tpdbs0701@gmail.com',280),(2821,1,'sejong980929nini@gmail.com',285),(2822,27,'sejong980929nini@gmail.com',273),(2823,85,'tpdbs0701@gmail.com',280),(2824,29,'tpdbs0701@gmail.com',280),(2825,27,'tpdbs0701@gmail.com',280),(2826,1,'sejong980929nini@gmail.com',285),(2827,5,'sejong980929nini@gmail.com',273),(2828,67,'sejong980929nini@gmail.com',273),(2829,262,'t123',12),(2830,5,'tpdbs0701@gmail.com',280),(2831,15,'sejong980929nini@gmail.com',273),(2832,1,'sejong980929nini@gmail.com',285),(2833,263,'yoonr72',229),(2834,4,'sejong980929nini@gmail.com',273),(2835,27,'goeun.kim362@gmail.com',284),(2836,6,'tpdbs0701@gmail.com',NULL),(2837,27,'tpdbs0701@gmail.com',NULL),(2838,1,'tpdbs0701@gmail.com',NULL),(2839,5,'tpdbs0701@gmail.com',NULL),(2840,1,'tpdbs0701@gmail.com',NULL),(2841,28,'t123',NULL),(2842,27,'goeun.kim362@gmail.com',284),(2843,85,'goeun.kim362@gmail.com',284),(2844,264,'yoonr72',229),(2845,28,'yoonr72',NULL),(2846,87,'sejong980929nini@gmail.com',273),(2847,1,'sejong980929nini@gmail.com',285),(2848,28,'sejong980929nini@gmail.com',273),(2849,85,'goeun.kim362@gmail.com',284),(2850,68,'goeun.kim362@gmail.com',284),(2851,28,'goeun.kim362@gmail.com',284),(2852,28,'goeun.kim362@gmail.com',284),(2853,68,'goeun.kim362@gmail.com',284),(2854,4,'goeun.kim362@gmail.com',284),(2855,68,'sejong980929nini@gmail.com',273),(2856,68,'sejong980929nini@gmail.com',273),(2857,69,'sejong980929nini@gmail.com',273),(2858,265,'goeun.kim362@gmail.com',284),(2859,27,'tpdbs0701@gmail.com',NULL),(2860,4,'goeun.kim362@gmail.com',NULL),(2861,1,'tpdbs0701@gmail.com',NULL),(2862,2,'tpdbs0701@gmail.com',NULL),(2863,3,'goeun.kim362@gmail.com',NULL),(2864,1,'goeun.kim362@gmail.com',NULL),(2865,4,'goeun.kim362@gmail.com',NULL),(2866,29,'goeun.kim362@gmail.com',NULL),(2867,3,'don0421865@gmail.com',286),(2868,68,'sejong980929nini@gmail.com',NULL),(2869,30,'sejong980929nini@gmail.com',NULL),(2870,28,'sejong980929nini@gmail.com',NULL),(2871,28,'don0421865@gmail.com',286),(2872,27,'don0421865@gmail.com',286),(2873,5,'don0421865@gmail.com',286),(2874,29,'don0421865@gmail.com',286),(2875,28,'don0421865@gmail.com',286),(2876,27,'don0421865@gmail.com',286),(2877,4,'don0421865@gmail.com',286),(2878,28,'don0421865@gmail.com',286),(2879,27,'don0421865@gmail.com',NULL),(2880,87,'don0421865@gmail.com',286),(2881,29,'don0421865@gmail.com',NULL),(2882,28,'don0421865@gmail.com',NULL),(2883,69,'don0421865@gmail.com',286),(2884,1,'don0421865@gmail.com',286),(2885,28,'sejong980929nini@gmail.com',NULL),(2886,29,'sejong980929nini@gmail.com',NULL),(2887,4,'sejong980929nini@gmail.com',NULL),(2888,23,'sejong980929nini@gmail.com',NULL),(2889,29,'sejong980929nini@gmail.com',NULL),(2890,88,'sejong980929nini@gmail.com',288),(2891,1,'sejong980929nini@gmail.com',285),(2892,29,'sejong980929nini@gmail.com',NULL),(2893,23,'sejong980929nini@gmail.com',NULL),(2894,23,'sejong980929nini@gmail.com',NULL),(2895,87,'sejong980929nini@gmail.com',NULL),(2896,6,'sejong980929nini@gmail.com',NULL),(2897,29,'sejong980929nini@gmail.com',NULL),(2898,27,'sejong980929nini@gmail.com',NULL),(2899,87,'sejong980929nini@gmail.com',NULL),(2900,70,'sejong980929nini@gmail.com',NULL),(2901,70,'sejong980929nini@gmail.com',NULL),(2902,85,'sejong980929nini@gmail.com',NULL),(2903,1,'sejong980929nini@gmail.com',285),(2904,28,'sejong980929nini@gmail.com',NULL),(2905,4,'sejong980929nini@gmail.com',NULL),(2906,28,'sejong980929nini@gmail.com',NULL),(2907,29,'sejong980929nini@gmail.com',NULL),(2908,30,'sejong980929nini@gmail.com',NULL),(2909,28,'sejong980929nini@gmail.com',NULL),(2910,27,'sejong980929nini@gmail.com',NULL),(2911,87,'sejong980929nini@gmail.com',288),(2912,1,'sejong980929nini@gmail.com',285),(2913,5,'sejong980929nini@gmail.com',NULL),(2914,27,'sejong980929nini@gmail.com',NULL),(2915,70,'sejong980929nini@gmail.com',NULL),(2916,15,'sejong980929nini@gmail.com',NULL),(2917,85,'sejong980929nini@gmail.com',NULL),(2918,68,'sejong980929nini@gmail.com',NULL),(2919,28,'sejong980929nini@gmail.com',NULL),(2920,70,'sejong980929nini@gmail.com',NULL),(2921,28,'sejong980929nini@gmail.com',NULL),(2922,1,'sejong980929nini@gmail.com',285),(2923,28,'sejong980929nini@gmail.com',NULL),(2924,6,'sejong980929nini@gmail.com',NULL),(2925,2,'sejong980929nini@gmail.com',NULL),(2926,4,'sejong980929nini@gmail.com',NULL),(2927,5,'sejong980929nini@gmail.com',NULL),(2928,69,'sejong980929nini@gmail.com',NULL),(2929,27,'sejong980929nini@gmail.com',NULL),(2930,68,'sejong980929nini@gmail.com',NULL),(2931,29,'sejong980929nini@gmail.com',NULL),(2932,28,'sejong980929nini@gmail.com',NULL),(2933,27,'sejong980929nini@gmail.com',NULL),(2934,68,'sejong980929nini@gmail.com',NULL),(2935,70,'sejong980929nini@gmail.com',NULL),(2936,68,'sejong980929nini@gmail.com',NULL),(2937,29,'sejong980929nini@gmail.com',NULL),(2938,28,'sejong980929nini@gmail.com',NULL),(2939,68,'sejong980929nini@gmail.com',NULL),(2940,68,'sejong980929nini@gmail.com',NULL),(2941,4,'sejong980929nini@gmail.com',NULL),(2942,7,'sejong980929nini@gmail.com',NULL),(2943,87,'sejong980929nini@gmail.com',288),(2944,1,'sejong980929nini@gmail.com',285),(2945,70,'sejong980929nini@gmail.com',NULL),(2946,69,'sejong980929nini@gmail.com',NULL),(2947,28,'sejong980929nini@gmail.com',NULL),(2948,27,'sejong980929nini@gmail.com',NULL),(2949,30,'sejong980929nini@gmail.com',NULL),(2950,1,'sejong980929nini@gmail.com',285),(2951,27,'sejong980929nini@gmail.com',NULL),(2952,68,'sejong980929nini@gmail.com',NULL),(2953,68,'sejong980929nini@gmail.com',NULL),(2954,29,'sejong980929nini@gmail.com',NULL),(2955,87,'sejong980929nini@gmail.com',288),(2956,30,'sejong980929nini@gmail.com',NULL),(2957,68,'sejong980929nini@gmail.com',NULL),(2958,23,'sejong980929nini@gmail.com',NULL),(2959,88,'sejong980929nini@gmail.com',288),(2960,28,'sejong980929nini@gmail.com',NULL),(2961,29,'sejong980929nini@gmail.com',NULL),(2962,67,'sejong980929nini@gmail.com',NULL),(2963,70,'sejong980929nini@gmail.com',NULL),(2964,4,'sejong980929nini@gmail.com',NULL),(2965,29,'sejong980929nini@gmail.com',NULL),(2966,28,'sejong980929nini@gmail.com',NULL),(2967,1,'sejong980929nini@gmail.com',285),(2968,5,'sejong980929nini@gmail.com',NULL),(2969,28,'sejong980929nini@gmail.com',NULL),(2970,69,'sejong980929nini@gmail.com',NULL),(2971,7,'sejong980929nini@gmail.com',NULL),(2972,29,'sejong980929nini@gmail.com',NULL),(2973,27,'sejong980929nini@gmail.com',NULL),(2974,68,'sejong980929nini@gmail.com',NULL),(2975,2,'sejong980929nini@gmail.com',NULL),(2976,70,'sejong980929nini@gmail.com',NULL),(2977,87,'sejong980929nini@gmail.com',288),(2978,23,'sejong980929nini@gmail.com',NULL),(2979,29,'sejong980929nini@gmail.com',NULL),(2980,28,'sejong980929nini@gmail.com',NULL),(2981,87,'sejong980929nini@gmail.com',NULL),(2982,5,'sejong980929nini@gmail.com',NULL),(2983,28,'sejong980929nini@gmail.com',NULL),(2984,28,'sejong980929nini@gmail.com',NULL),(2985,28,'sejong980929nini@gmail.com',NULL),(2986,4,'sejong980929nini@gmail.com',NULL),(2987,68,'sejong980929nini@gmail.com',NULL),(2988,5,'sejong980929nini@gmail.com',NULL),(2989,1,'sejong980929nini@gmail.com',285),(2990,23,'sejong980929nini@gmail.com',NULL),(2991,1,'sejong980929nini@gmail.com',285),(2992,1,'sejong980929nini@gmail.com',285),(2993,3,'sejong980929nini@gmail.com',NULL),(2994,2,'sejong980929nini@gmail.com',NULL),(2995,5,'sejong980929nini@gmail.com',NULL),(2996,27,'sejong980929nini@gmail.com',NULL),(2997,68,'sejong980929nini@gmail.com',NULL),(2998,68,'sejong980929nini@gmail.com',NULL),(2999,4,'sejong980929nini@gmail.com',NULL),(3000,1,'sejong980929nini@gmail.com',285),(3001,70,'sejong980929nini@gmail.com',NULL),(3002,29,'sejong980929nini@gmail.com',NULL),(3003,1,'sejong980929nini@gmail.com',285),(3004,29,'sejong980929nini@gmail.com',NULL),(3005,4,'sejong980929nini@gmail.com',NULL),(3006,85,'sejong980929nini@gmail.com',NULL),(3007,27,'sejong980929nini@gmail.com',NULL),(3008,5,'sejong980929nini@gmail.com',NULL),(3009,87,'sejong980929nini@gmail.com',NULL),(3010,28,'sejong980929nini@gmail.com',NULL),(3011,68,'sejong980929nini@gmail.com',NULL),(3012,2,'sejong980929nini@gmail.com',NULL),(3013,1,'sejong980929nini@gmail.com',285),(3014,4,'sejong980929nini@gmail.com',NULL),(3015,1,'sejong980929nini@gmail.com',285),(3016,28,'sejong980929nini@gmail.com',NULL),(3017,70,'sejong980929nini@gmail.com',NULL),(3018,1,'sejong980929nini@gmail.com',285),(3019,28,'sejong980929nini@gmail.com',NULL),(3020,27,'sejong980929nini@gmail.com',NULL),(3021,85,'sejong980929nini@gmail.com',NULL),(3022,27,'sejong980929nini@gmail.com',NULL),(3023,4,'sejong980929nini@gmail.com',NULL),(3024,28,'sejong980929nini@gmail.com',NULL),(3025,1,'sejong980929nini@gmail.com',285),(3026,28,'sejong980929nini@gmail.com',NULL),(3027,5,'sejong980929nini@gmail.com',NULL),(3028,27,'sejong980929nini@gmail.com',NULL),(3029,28,'sejong980929nini@gmail.com',NULL),(3030,27,'sejong980929nini@gmail.com',NULL),(3031,68,'sejong980929nini@gmail.com',NULL),(3032,28,'sejong980929nini@gmail.com',NULL),(3033,28,'sejong980929nini@gmail.com',NULL),(3034,1,'sejong980929nini@gmail.com',285),(3035,70,'sejong980929nini@gmail.com',NULL),(3036,2,'sejong980929nini@gmail.com',NULL),(3037,6,'sejong980929nini@gmail.com',NULL),(3038,4,'sejong980929nini@gmail.com',NULL),(3039,4,'sejong980929nini@gmail.com',NULL),(3040,28,'sejong980929nini@gmail.com',NULL),(3041,4,'sejong980929nini@gmail.com',NULL),(3042,15,'sejong980929nini@gmail.com',NULL),(3043,6,'sejong980929nini@gmail.com',NULL),(3044,1,'sejong980929nini@gmail.com',NULL),(3045,29,'sejong980929nini@gmail.com',NULL),(3046,1,'sejong980929nini@gmail.com',NULL),(3047,1,'sejong980929nini@gmail.com',NULL),(3048,29,'sejong980929nini@gmail.com',NULL),(3049,68,'sejong980929nini@gmail.com',NULL),(3050,68,'sejong980929nini@gmail.com',NULL),(3051,28,'sejong980929nini@gmail.com',NULL),(3052,28,'sejong980929nini@gmail.com',NULL),(3053,28,'sejong980929nini@gmail.com',NULL),(3054,4,'sejong980929nini@gmail.com',NULL),(3055,87,'sejong980929nini@gmail.com',NULL),(3056,27,'sejong980929nini@gmail.com',NULL),(3057,27,'sejong980929nini@gmail.com',NULL),(3058,68,'sejong980929nini@gmail.com',NULL),(3059,67,'sejong980929nini@gmail.com',NULL),(3060,4,'sejong980929nini@gmail.com',NULL),(3061,70,'sejong980929nini@gmail.com',NULL),(3062,4,'sejong980929nini@gmail.com',NULL),(3063,1,'sejong980929nini@gmail.com',NULL),(3064,87,'sejong980929nini@gmail.com',NULL),(3065,28,'sejong980929nini@gmail.com',NULL),(3066,29,'sejong980929nini@gmail.com',NULL),(3067,1,'sejong980929nini@gmail.com',NULL),(3068,68,'sejong980929nini@gmail.com',NULL),(3069,27,'sejong980929nini@gmail.com',NULL),(3070,68,'sejong980929nini@gmail.com',NULL),(3071,1,'sejong980929nini@gmail.com',NULL),(3072,5,'sejong980929nini@gmail.com',NULL),(3073,28,'sejong980929nini@gmail.com',NULL),(3074,27,'sejong980929nini@gmail.com',NULL),(3075,68,'sejong980929nini@gmail.com',NULL),(3076,69,'sejong980929nini@gmail.com',NULL),(3077,4,'sejong980929nini@gmail.com',NULL),(3078,87,'sejong980929nini@gmail.com',NULL),(3079,4,'sejong980929nini@gmail.com',NULL),(3080,4,'sejong980929nini@gmail.com',NULL),(3081,68,'sejong980929nini@gmail.com',NULL),(3082,87,'sejong980929nini@gmail.com',NULL),(3083,4,'sejong980929nini@gmail.com',NULL),(3084,29,'sejong980929nini@gmail.com',NULL),(3085,27,'sejong980929nini@gmail.com',NULL),(3086,28,'sejong980929nini@gmail.com',NULL),(3087,4,'sejong980929nini@gmail.com',NULL),(3088,29,'sejong980929nini@gmail.com',NULL),(3089,68,'sejong980929nini@gmail.com',NULL),(3090,27,'sejong980929nini@gmail.com',NULL),(3091,5,'sejong980929nini@gmail.com',NULL),(3092,6,'sejong980929nini@gmail.com',NULL),(3093,87,'sejong980929nini@gmail.com',NULL),(3094,27,'sejong980929nini@gmail.com',NULL),(3095,68,'sejong980929nini@gmail.com',NULL),(3096,85,'sejong980929nini@gmail.com',NULL),(3097,4,'sejong980929nini@gmail.com',NULL),(3098,15,'sejong980929nini@gmail.com',NULL),(3099,7,'sejong980929nini@gmail.com',NULL),(3100,67,'sejong980929nini@gmail.com',NULL),(3101,4,'sejong980929nini@gmail.com',NULL),(3102,6,'sejong980929nini@gmail.com',NULL),(3103,27,'sejong980929nini@gmail.com',NULL),(3104,15,'sejong980929nini@gmail.com',NULL),(3105,68,'sejong980929nini@gmail.com',NULL),(3106,5,'sejong980929nini@gmail.com',NULL),(3107,27,'sejong980929nini@gmail.com',NULL),(3108,28,'sejong980929nini@gmail.com',NULL),(3109,2,'sejong980929nini@gmail.com',NULL),(3110,68,'sejong980929nini@gmail.com',NULL),(3111,68,'sejong980929nini@gmail.com',NULL),(3112,2,'sejong980929nini@gmail.com',NULL),(3113,28,'sejong980929nini@gmail.com',NULL),(3114,6,'sejong980929nini@gmail.com',NULL),(3115,27,'sejong980929nini@gmail.com',NULL),(3116,4,'sejong980929nini@gmail.com',NULL),(3117,68,'sejong980929nini@gmail.com',NULL),(3118,87,'sejong980929nini@gmail.com',NULL),(3119,4,'sejong980929nini@gmail.com',NULL),(3120,28,'sejong980929nini@gmail.com',NULL),(3121,70,'sejong980929nini@gmail.com',NULL),(3122,27,'sejong980929nini@gmail.com',NULL),(3123,28,'sejong980929nini@gmail.com',NULL),(3124,68,'sejong980929nini@gmail.com',NULL),(3125,27,'sejong980929nini@gmail.com',NULL),(3126,27,'sejong980929nini@gmail.com',NULL),(3127,6,'sejong980929nini@gmail.com',NULL),(3128,27,'sejong980929nini@gmail.com',NULL),(3129,27,'sejong980929nini@gmail.com',NULL),(3130,6,'sejong980929nini@gmail.com',NULL),(3131,87,'sejong980929nini@gmail.com',NULL),(3132,1,'sejong980929nini@gmail.com',NULL),(3133,68,'sejong980929nini@gmail.com',NULL),(3134,28,'sejong980929nini@gmail.com',NULL),(3135,4,'sejong980929nini@gmail.com',NULL),(3136,68,'sejong980929nini@gmail.com',NULL),(3137,2,'sejong980929nini@gmail.com',NULL),(3138,68,'sejong980929nini@gmail.com',NULL),(3139,28,'sejong980929nini@gmail.com',NULL),(3140,87,'sejong980929nini@gmail.com',NULL),(3141,1,'sejong980929nini@gmail.com',NULL),(3142,28,'sejong980929nini@gmail.com',NULL),(3143,87,'sejong980929nini@gmail.com',NULL),(3144,6,'sejong980929nini@gmail.com',NULL),(3145,2,'sejong980929nini@gmail.com',NULL),(3146,4,'sejong980929nini@gmail.com',NULL),(3147,2,'sejong980929nini@gmail.com',NULL),(3148,88,'sejong980929nini@gmail.com',288),(3149,5,'sejong980929nini@gmail.com',NULL),(3150,28,'sejong980929nini@gmail.com',NULL),(3151,27,'sejong980929nini@gmail.com',NULL),(3152,6,'sejong980929nini@gmail.com',NULL),(3153,27,'sejong980929nini@gmail.com',NULL),(3154,70,'sejong980929nini@gmail.com',NULL),(3155,68,'sejong980929nini@gmail.com',NULL),(3156,4,'sejong980929nini@gmail.com',NULL),(3157,27,'sejong980929nini@gmail.com',NULL),(3158,1,'sejong980929nini@gmail.com',NULL),(3159,3,'sejong980929nini@gmail.com',NULL),(3160,1,'sejong980929nini@gmail.com',NULL),(3161,68,'sejong980929nini@gmail.com',NULL),(3162,68,'sejong980929nini@gmail.com',NULL),(3163,29,'sejong980929nini@gmail.com',NULL),(3164,6,'sejong980929nini@gmail.com',NULL),(3165,28,'sejong980929nini@gmail.com',NULL),(3166,4,'sejong980929nini@gmail.com',NULL),(3167,87,'sejong980929nini@gmail.com',NULL),(3168,87,'sejong980929nini@gmail.com',NULL),(3169,28,'sejong980929nini@gmail.com',NULL),(3170,68,'sejong980929nini@gmail.com',NULL),(3171,4,'sejong980929nini@gmail.com',NULL),(3172,1,'sejong980929nini@gmail.com',NULL),(3173,68,'sejong980929nini@gmail.com',NULL),(3174,68,'sejong980929nini@gmail.com',NULL),(3175,4,'sejong980929nini@gmail.com',NULL),(3176,2,'sejong980929nini@gmail.com',NULL),(3177,6,'sejong980929nini@gmail.com',NULL),(3178,28,'sejong980929nini@gmail.com',NULL),(3179,27,'sejong980929nini@gmail.com',NULL),(3180,27,'sejong980929nini@gmail.com',NULL),(3181,1,'sejong980929nini@gmail.com',NULL),(3182,6,'sejong980929nini@gmail.com',NULL),(3183,28,'sejong980929nini@gmail.com',NULL),(3184,4,'sejong980929nini@gmail.com',NULL),(3185,28,'sejong980929nini@gmail.com',NULL),(3186,4,'sejong980929nini@gmail.com',NULL),(3187,27,'sejong980929nini@gmail.com',NULL),(3188,4,'sejong980929nini@gmail.com',NULL),(3189,68,'sejong980929nini@gmail.com',NULL),(3190,27,'sejong980929nini@gmail.com',NULL),(3191,1,'sejong980929nini@gmail.com',NULL),(3192,67,'sejong980929nini@gmail.com',NULL),(3193,70,'sejong980929nini@gmail.com',NULL),(3194,4,'sejong980929nini@gmail.com',NULL),(3195,29,'rmsgnl111@gmail.com',287),(3196,4,'sejong980929nini@gmail.com',NULL),(3197,70,'sejong980929nini@gmail.com',NULL),(3198,1,'sejong980929nini@gmail.com',NULL),(3199,68,'sejong980929nini@gmail.com',NULL),(3200,4,'sejong980929nini@gmail.com',NULL),(3201,27,'sejong980929nini@gmail.com',NULL),(3202,70,'sejong980929nini@gmail.com',NULL),(3203,28,'sejong980929nini@gmail.com',NULL),(3204,28,'sejong980929nini@gmail.com',NULL),(3205,87,'sejong980929nini@gmail.com',NULL),(3206,68,'sejong980929nini@gmail.com',NULL),(3207,1,'sejong980929nini@gmail.com',NULL),(3208,85,'sejong980929nini@gmail.com',NULL),(3209,2,'sejong980929nini@gmail.com',NULL),(3210,1,'sejong980929nini@gmail.com',NULL),(3211,6,'sejong980929nini@gmail.com',NULL),(3212,4,'sejong980929nini@gmail.com',NULL),(3213,6,'sejong980929nini@gmail.com',NULL),(3214,68,'sejong980929nini@gmail.com',NULL),(3215,27,'sejong980929nini@gmail.com',NULL),(3216,85,'sejong980929nini@gmail.com',NULL),(3217,27,'sejong980929nini@gmail.com',NULL),(3218,4,'sejong980929nini@gmail.com',NULL),(3219,2,'sejong980929nini@gmail.com',NULL),(3220,4,'sejong980929nini@gmail.com',NULL),(3221,15,'sejong980929nini@gmail.com',NULL),(3222,28,'sejong980929nini@gmail.com',NULL),(3223,2,'sejong980929nini@gmail.com',NULL),(3224,29,'sejong980929nini@gmail.com',NULL),(3225,2,'sejong980929nini@gmail.com',NULL),(3226,2,'sejong980929nini@gmail.com',NULL),(3227,5,'sejong980929nini@gmail.com',NULL),(3228,3,'sejong980929nini@gmail.com',NULL),(3229,27,'sejong980929nini@gmail.com',NULL),(3230,28,'sejong980929nini@gmail.com',NULL),(3231,68,'sejong980929nini@gmail.com',NULL),(3232,27,'sejong980929nini@gmail.com',NULL),(3233,68,'sejong980929nini@gmail.com',NULL),(3234,6,'sejong980929nini@gmail.com',NULL),(3235,28,'sejong980929nini@gmail.com',NULL),(3236,29,'sejong980929nini@gmail.com',NULL),(3237,68,'sejong980929nini@gmail.com',NULL),(3238,4,'sejong980929nini@gmail.com',NULL),(3239,4,'sejong980929nini@gmail.com',NULL),(3240,27,'sejong980929nini@gmail.com',NULL),(3241,67,'sejong980929nini@gmail.com',NULL),(3242,1,'rmsgnl111@gmail.com',NULL),(3243,70,'sejong980929nini@gmail.com',NULL),(3244,4,'sejong980929nini@gmail.com',NULL),(3245,6,'sejong980929nini@gmail.com',NULL),(3246,27,'sejong980929nini@gmail.com',NULL),(3247,4,'sejong980929nini@gmail.com',NULL),(3248,28,'sejong980929nini@gmail.com',NULL),(3249,4,'sejong980929nini@gmail.com',NULL),(3250,29,'sejong980929nini@gmail.com',NULL),(3251,4,'sejong980929nini@gmail.com',NULL),(3252,69,'sejong980929nini@gmail.com',NULL),(3253,6,'sejong980929nini@gmail.com',NULL),(3254,68,'sejong980929nini@gmail.com',NULL),(3255,27,'sejong980929nini@gmail.com',NULL),(3256,29,'sejong980929nini@gmail.com',NULL),(3257,4,'sejong980929nini@gmail.com',NULL),(3258,27,'sejong980929nini@gmail.com',NULL),(3259,30,'sejong980929nini@gmail.com',NULL),(3260,87,'sejong980929nini@gmail.com',NULL),(3261,70,'sejong980929nini@gmail.com',NULL),(3262,27,'sejong980929nini@gmail.com',NULL),(3263,28,'sejong980929nini@gmail.com',NULL),(3264,29,'sejong980929nini@gmail.com',NULL),(3265,1,'sejong980929nini@gmail.com',NULL),(3266,27,'sejong980929nini@gmail.com',NULL),(3267,87,'sejong980929nini@gmail.com',NULL),(3268,4,'sejong980929nini@gmail.com',NULL),(3269,1,'sejong980929nini@gmail.com',NULL),(3270,28,'sejong980929nini@gmail.com',NULL),(3271,7,'test11',289),(3272,30,'test11',289),(3273,266,'test11',289),(3274,2,'qkrdptmd1101@gmail.com',290),(3275,15,'qkrdptmd1101@gmail.com',290),(3276,87,'qkrdptmd1101@gmail.com',290),(3277,5,'qkrdptmd1101@gmail.com',290),(3278,68,'qkrdptmd1101@gmail.com',NULL),(3279,87,'qkrdptmd1101@gmail.com',NULL),(3280,2,'qkrdptmd1101@gmail.com',NULL),(3281,85,'qkrdptmd1101@gmail.com',290),(3282,68,'qkrdptmd1101@gmail.com',290),(3283,85,'111',NULL),(3284,15,'sjkim2243@gmail.com',NULL),(3285,29,'frndhoon@gmail.com',293),(3286,6,'frndhoon@gmail.com',293),(3287,27,'frndhoon@gmail.com',293),(3288,67,'frndhoon@gmail.com',293),(3289,27,'frndhoon@gmail.com',293),(3290,68,'frndhoon@gmail.com',293),(3291,28,'zeeyeonleee@gmail.com',142),(3292,68,'cakejuuu@gmail.com',NULL),(3293,267,'zeeyeonleee@gmail.com',142),(3294,268,'test11',289),(3295,28,'test11',289),(3296,5,'test11',289),(3297,69,'test11',289),(3298,1,'test11',NULL),(3299,1,'test11',NULL),(3300,28,'test11',NULL),(3301,28,'test11',NULL),(3302,27,'test11',NULL),(3303,2,'test11',NULL),(3304,1,'test11',NULL),(3305,5,'test11',NULL),(3306,6,'test11',NULL),(3307,70,'test11',NULL),(3308,69,'test11',NULL),(3309,85,'null',298),(3310,85,'thsgnstj0512@gmail.com',299),(3311,269,'zeeyeonleee@gmail.com',142),(3312,5,'dsfs',300),(3313,270,'dsfs',300),(3314,4,'dsfs',300),(3315,28,'dsfs',300),(3316,27,'dsfs',300),(3317,5,'dsfs',300),(3318,6,'jjjjjuuuuu123456@gmail.com',302),(3319,1,'test@n.com',303),(3320,1,'cookuk1324@gmail.com',307),(3321,28,'poem1999515@gmail.com',NULL),(3322,29,'poem1999515@gmail.com',90),(3323,1,'poem1999515@gmail.com',NULL),(3324,29,'dsfs',300),(3325,1,'dsfs',300),(3326,68,'dsfs',300),(3327,28,'dsfs',300),(3328,6,'dsfs',300),(3329,69,'dsfs',300),(3330,28,'dsfs',300),(3331,28,'dsfs',300),(3332,1,'dsfs',300),(3333,271,'test@n.com',303),(3334,67,'fightj1234567@gmail.com',311),(3335,27,'test@n.com',303),(3336,68,'test@n.com',303),(3337,29,'test@n.com',303),(3338,68,'test@n.com',303),(3339,5,'fightj1234567@gmail.com',311),(3340,4,'fightj1234567@gmail.com',311),(3341,1,'fightj1234567@gmail.com',311),(3342,68,'fightj1234567@gmail.com',311),(3343,70,'fightj1234567@gmail.com',311),(3344,2,'fightj1234567@gmail.com',311),(3345,28,'fightj1234567@gmail.com',311),(3346,1,'fightj1234567@gmail.com',311),(3347,6,'test@n.com',303),(3348,4,'test@n.com',303),(3349,28,'test@n.com',303),(3350,4,'test@n.com',303),(3351,70,'test@n.com',303),(3352,85,'test@n.com',303),(3353,272,'ejoyee',7),(3354,273,'ejoyee',7),(3355,27,'ejoyee',NULL),(3356,5,'ejoyee',NULL),(3357,27,'ejoyee',NULL),(3358,27,'ejoyee',NULL),(3359,27,'ejoyee',NULL),(3360,1,'ejoyee',NULL),(3361,1,'ejoyee',NULL),(3362,4,'ejoyee',NULL),(3363,4,'ejoyee',NULL),(3364,27,'ejoyee',NULL),(3365,28,'ejoyee',NULL),(3366,85,'ejoyee',NULL),(3367,1,'ejoyee',NULL),(3368,70,'ejoyee',NULL),(3369,4,'ejoyee',NULL),(3370,28,'ejoyee',NULL),(3371,4,'ejoyee',NULL),(3372,4,'ejoyee',NULL),(3373,28,'ejoyee',NULL),(3374,29,'ejoyee',NULL),(3375,6,'ejoyee',NULL),(3376,6,'ejoyee',NULL),(3377,28,'ejoyee',NULL),(3378,27,'ejoyee',NULL),(3379,5,'ejoyee',NULL),(3380,5,'ejoyee',NULL),(3381,27,'ejoyee',NULL),(3382,29,'ejoyee',NULL),(3383,28,'ejoyee',NULL),(3384,6,'ejoyee',NULL),(3385,4,'ejoyee',NULL),(3386,27,'ejoyee',NULL),(3387,70,'ejoyee',NULL),(3388,85,'ejoyee',NULL),(3389,4,'ejoyee',NULL),(3390,1,'ejoyee',NULL),(3391,28,'ejoyee',NULL),(3392,29,'ejoyee',NULL),(3393,68,'ys89827',313),(3394,28,'ys89827',313),(3395,4,'ys89827',313),(3396,68,'ys89827',313),(3397,27,'ys89827',313),(3398,68,'ys89827',313),(3399,274,'95dmstjs',94),(3400,275,'ys89827',313),(3401,276,'95dmstjs',94),(3402,277,'dlsxj101',2),(3403,278,'dlsxj101',2),(3404,279,'dlsxj101',2),(3405,280,'dlsxj101',2),(3406,281,'dlsxj101',2),(3407,282,'dlsxj101',2),(3408,283,'dlsxj101',2),(3409,284,'dlsxj101',2),(3410,285,'dlsxj101',2),(3411,286,'dlsxj101',2),(3412,287,'dlsxj101',2),(3413,4,'sks8450gh',316),(3414,4,'sks8450gh',315),(3415,4,'sks8450gh',315),(3416,5,'123',NULL),(3417,4,'123',NULL),(3418,68,'123',NULL),(3419,27,'ys89827',313),(3420,68,'ys89827',313),(3421,28,'ys89827',313),(3422,1,'ys89827',313),(3423,4,'ys89827',313),(3424,6,'ys89827',313),(3425,6,'ys89827',313),(3426,27,'ys89827',313),(3427,70,'jjin4363@gmail.com',NULL),(3428,288,'jiin',144),(3429,68,'jiin',NULL),(3430,27,'jiin',NULL),(3431,28,'jiin',NULL),(3432,28,'jiin',NULL),(3433,2,'jiin',NULL),(3434,289,'moolgogi',NULL),(3435,68,'moolgogi',NULL),(3436,290,'moolgogi',182),(3437,291,'moolgogi',NULL),(3438,85,'dlsxj101',NULL),(3439,4,'dlsxj101',NULL),(3440,292,'hslee0912@gmail.com',183),(3441,293,'hslee0912@gmail.com',183),(3442,28,'hslee0912@gmail.com',183),(3443,4,'hslee0912@gmail.com',183),(3444,4,'hslee0912@gmail.com',183),(3445,1,'eejj',NULL),(3446,27,'Airdex',NULL),(3447,70,'Airdex',NULL),(3448,5,'Airdex',NULL),(3449,68,'Airdex',NULL),(3450,85,'Airdex',NULL),(3451,4,'Airdex',NULL),(3452,68,'Airdex',NULL),(3453,28,'Airdex',NULL),(3454,68,'Airdex',NULL),(3455,67,'Airdex',NULL),(3456,68,'Airdex',NULL),(3457,28,'Airdex',NULL),(3458,27,'Airdex',NULL),(3459,2,'rnqhscjf3333',325),(3460,294,'rnqhscjf3333',325),(3461,295,'rnqhscjf3333',325),(3462,2,'rnqhscjf3333',325),(3463,1,'rnqhscjf3333',325),(3464,70,'rnqhscjf3333',325),(3465,296,'rnqhscjf3333',325),(3466,6,'euna0920',326),(3467,28,'euna0920',326),(3468,5,'euna0920',326),(3469,87,'euna0920',326),(3470,30,'euna0920',326),(3471,1,'euna0920',326),(3472,297,'hyunddo',96),(3473,298,'ejoyee',NULL),(3474,1,'poem1999515@gmail.com',NULL),(3475,87,'poem1999515@gmail.com',90),(3476,5,'poem1999515@gmail.com',90),(3477,299,'ejej',NULL),(3478,300,'eejj',9),(3479,70,'moolgogi',NULL),(3480,28,'jiin',NULL),(3481,5,'moolgogi',NULL),(3482,4,'poem1999515@gmail.com',NULL),(3483,29,'poem1999515@gmail.com',90),(3484,69,'poem1999515@gmail.com',90);
/*!40000 ALTER TABLE `user_fish` ENABLE KEYS */;
UNLOCK TABLES;

--
-- Table structure for table `user_tokens`
--

DROP TABLE IF EXISTS `user_tokens`;
/*!40101 SET @saved_cs_client     = @@character_set_client */;
/*!50503 SET character_set_client = utf8mb4 */;
CREATE TABLE `user_tokens` (
  `token_id` bigint NOT NULL AUTO_INCREMENT,
  `user_id` varchar(255) DEFAULT NULL,
  `token` varchar(255) DEFAULT NULL,
  `created_at` timestamp NULL DEFAULT CURRENT_TIMESTAMP,
  `updated_at` timestamp NULL DEFAULT CURRENT_TIMESTAMP ON UPDATE CURRENT_TIMESTAMP,
  PRIMARY KEY (`token_id`),
  KEY `user_id` (`user_id`),
  CONSTRAINT `user_tokens_ibfk_1` FOREIGN KEY (`user_id`) REFERENCES `user` (`id`) ON DELETE CASCADE
) ENGINE=InnoDB AUTO_INCREMENT=147 DEFAULT CHARSET=utf8mb4 COLLATE=utf8mb4_0900_ai_ci;
/*!40101 SET character_set_client = @saved_cs_client */;

--
-- Dumping data for table `user_tokens`
--

LOCK TABLES `user_tokens` WRITE;
/*!40000 ALTER TABLE `user_tokens` DISABLE KEYS */;
INSERT INTO `user_tokens` VALUES (3,'test','eKRrvrEerB98SX2o9cId59:APA91bGfNWBSMz6-m9iL3QaSPP4xkB1j_dGVZ6VqN3r_oMD5tq8EEWXYe1gxUV_Fc3X_lEtOD7zzWsYZdYzeNJalYDHVBnl1wQbzsguHSj4pQAWc46i4xGg','2025-02-14 02:45:54','2025-02-18 02:29:17'),(4,'soomini','cMrIbFH91gg3vag3VGesb6:APA91bGXji_-UFYoA9J_tDgwXTQjbn_jUFkDzC1fiwFr7F_ixt5dEtegvKmIJBS3fYIfFgsKpjxaBtwP-VhjE0_DsCyaITbPi4u0P7OKmY1howYwYT300wk','2025-02-14 02:48:54','2025-02-14 02:48:54'),(7,'Airdex','ecY5Cu2S-7wWWK1t7CIMVq:APA91bF87FbtbTRkf7CDq9zVSdAnP49wj5fHhz243LRmKjAdwlQSC_pteLBcwYllnE_KBJkMsSEkQW1DmK-4WIzv_xEROOMWwOgMpWJeRyy80BQjVDPSeg4','2025-02-14 03:07:12','2025-02-15 05:06:38'),(10,'qwer','fFk74mzSXXk45wYOl-1Kvv:APA91bHI1bQAySN78wukY10O29CAi9TGoY3aBe_FGelkxBd6W6hDGw2647Us3mqNy0IwUH4JX0v-Zail8wtNPxkyr2PnR2fM6PQNa5REZsc7iyI5trLQJ88','2025-02-14 03:27:23','2025-02-14 03:27:23'),(13,'poem1999515@gmail.com','dAYPMqPJuRi7CGixws2zp_:APA91bFZp9YMf3wXnoXKLZT0BaSJRvVOvGcJ8otOVhwvm23WHu3HlbzTUAnV6YClUmlzTuZ3onfkzvR9V56Mpd7HmQKHWKkJBFvfa9aSYbdBLuMjRaJI1XY','2025-02-14 05:09:48','2025-02-14 05:09:48'),(14,'testuser','erOZRgxjDQ8dGpD49z9bOZ:APA91bGjV2WN-4Fv3fpy0D7P1-uh7kSHv25HXqkjvWGJi57xB0E0vjKY6uwD3dO7l8jdZDPF0HujwmLcQi8UeMHRvQ_OiOJ1pkCd8ZukqeUPNX0OwXbIMZg','2025-02-14 05:35:28','2025-02-14 05:35:28'),(32,'xhdxhd0308','cn-1pZHeKSdYg4Dcy-qKOO:APA91bF9gJwBnOFQovRWt5ky74tqLZFTiijlNh7PpQhuGJGoM6ork0Wt6BKzezjPvdCT7FId-_xf9-pYMU-TktHMiG_iN_-ZrjctDk2JnsRPwfe6Ayzlh2c','2025-02-15 07:42:08','2025-02-15 07:42:08'),(57,'zeeyeonleee@gmail.com','fGnnzi-FXMWZeNV9wdETAt:APA91bFiByHyC04m0qpElC-TDctMt_NsasyvnuXqhiUVzfgSInV1jYlbL09CZvRu_OaDLWPtxkRqbbVQsOx8_kzsrbLDQyoKEksstpGU1jt0iRoi6bdRBKk','2025-02-16 14:53:21','2025-02-18 02:47:09'),(59,'jiin','eTcDycZpG_pB29oYcaycxb:APA91bEJpcHYvYF8OZquxYU8Kp1V39UqzVT9tM_i6KpFN1rmOp7DID5CE_xmO3oLs7uLksS20QXVlsTltxh-YTmLiWtwV9a3Hngl0RZdT2KLXRHHzP6svUw','2025-02-17 00:15:37','2025-02-17 00:15:37'),(60,'reveryu96@gmail.com','f6IlxmPyQ1Okp0ymMdUSH5:APA91bFq-g6iVQvkSxHdTahJGQdXmj6ibl3Kz9kwqP7-ZUrgLoqNUbdjEW7BW5TKTTdz5EtmKuuGQVm2nltzyX0OlkHIUg4F6ZvmOSq0wdpgsjHE3VKJlCA','2025-02-17 00:29:21','2025-02-17 00:29:21'),(61,'7504a','cNUDuHN-az2w6tAQjsxV_3:APA91bGB21fcxQPOv8fGLs8YJHkId4OIVp7sNnDMXd8SH8JpgjW6YZ7INLNd-B7ULQzTr9C1z00980uTQCLQnG9DuNowyS1HdbdA6w9iefPh0j3xYmkntEE','2025-02-17 01:34:27','2025-02-17 01:34:27'),(63,'helloworld','cYRvumytWPKjKeCU7sy2nc:APA91bHVPT2UK1WB3m4vAQ2ZgehEcAS2cGleJbf_pkFDOR0HVBhdC7UXTu1WTrCRmtElz-ww1nVLyTRuCYlbj3XIFDyv4JMyq5q9kmCYTpOoQB8y7UeUtVM','2025-02-17 01:41:55','2025-02-17 01:41:55'),(64,'a20032718@gmail.com','fGGeqJl6S2tNUTiQF_TasF:APA91bEn9RPgKwnEFt2vYkrfEBdJ5WQBP0whVtGqopvD200BxmQ4AT9qcFvCnDSy0HP7C6lSfyAfA8B2W1Ran4r7DrwVmrbh9i_dRaowB9B-C2E43i6xMn8','2025-02-17 01:48:41','2025-02-17 01:48:41'),(76,'hslee0912@gmail.com','dXxCZ_g1mZJbRTed5iCslq:APA91bH00M4r0bR_ZMBjiiLermD_4m9URfiqVeLEjChAkwvU2nPMJw3NgM3ffnt6G9zC4kW3VCrlK6KTzVHYUKoZUWsMsIzZYtUc58V9M0F9DqeiHQL9RAs','2025-02-17 06:19:04','2025-02-19 02:12:17'),(87,'jjin4363@gmail.com','dGTdHo8yyN3DjwRUUPjAiH:APA91bGBMD-V9fyIkgrENCRp0ySqrM21ppfzrev9YJSMsSL9glIHJsab9EqvAuxJfc2G_KEEGPx9JXw0mC570TIaF8w5kMBAnAGSux-9Jw-NKbRxSVEYQI8','2025-02-18 00:53:33','2025-02-19 13:31:40'),(91,'qwerqwer','dDp54rckTUYSVp2UA61dKA:APA91bHE7elGDWU0ZfFYAi1XmKbVC-f_WinwQya6Gi5Sm-1omKwfD9twWtNFkxhrVLb1rO1v5CuxjV2ew5rUhWhjXdXeSfca1_d0dTGmy77jcwdLapZEyVo','2025-02-18 02:57:40','2025-02-18 02:57:40'),(93,'test_yj','dA72aFlPoYag9o3N85GuPr:APA91bH1KFuxaqS70A36j5wcJ2fBRBcAUL7beQcCBr_B1NNvrtL4V4pa9RscCSCwq3x1Dw4FWbxPG095yaWHuMXjEvRHv4hvTBRjXNCOJG3iqP-pdfgE_4A','2025-02-18 05:24:16','2025-02-19 00:34:30'),(98,'user1','cOvUl2Dn5ChraErWGpIAwd:APA91bErcJ3xIaN8aaNoMzLnhBVEixIv25gLk5BfX8O9Nb8ank90gTg5Q8Fvkw-5yhbOmZOklT6yl4h5oUmQ9oLb-45SS68CsFTzKwrRQNMNSaNe3rtiUpc','2025-02-18 11:24:39','2025-02-18 11:24:39'),(106,'hyunddo','dblgFOF_r2pa_ehVuXnXjU:APA91bHWFqJOASMdGA2j0CvszAVmpFTsQ0aP6t9KtpVVE6uw-hO2pqG7SaLF4oWZgIphFYgNWA16i-tBDF7-TiwT3H9Gp1tYLxFJem05weVxi4fkHVxgBu0','2025-02-18 13:27:23','2025-02-20 00:59:47'),(107,'kwonseon','eDDM6NBvIDN1_0qliBXLAx:APA91bEKuOsL8D2n4vU0867vBYs2odxgPhKtC9eIH2PoCIqg9x1If2ksm8c3hrHSVZulQIUr_DbTdfZASzqcIvG0HystHpVWC4TK-auTTn1GXKsCYICCDSY','2025-02-18 13:44:58','2025-02-18 13:44:58'),(110,'kdyveliz','f46F2jEheBJSvn7GHV3MqY:APA91bHbkz6WXUjhcswpbJS8_omsbd8PQhaNN1CF9bxupNSb8KeTs_PROx1M9Fhmi7X07PEWHH9E1w3an9QGMUOzNNEEjmFr47RL0rSQiaSg7K_ZAjaGJJ8','2025-02-19 00:30:06','2025-02-19 00:30:06'),(116,'heon','cCbVhFq9KM-WU0555f9mIz:APA91bF2-dUgOfCkkA-velU6IdHgV-oJPjZmXB5Ue-Hh9qmVpllSgDQTU9Y51RfEVRv00YqfCaSxSFsYGEbHLDObjl4TXjYkJ3ggKVM9tfWRwhoQhbto3_o','2025-02-19 01:58:54','2025-02-20 01:34:39'),(121,'ejoyee','f6H0B5hQuYvdr8NlIKZprs:APA91bEWG0g9ez1Cu_o0_is4N__5fQ_PK0eAqhR783hjNJafpp5av_k8Q3JKWsU-QFTZoXm2LJN9ZhPqluF5XldIpZIuaBiBhkzln0Qsa235UwpVIEPKFpY','2025-02-19 02:52:35','2025-02-20 01:33:48'),(123,'moolgogi','cGY-zR3ovMgLqEdwOxocCa:APA91bG7VbT6weRDEKo4i6B-AvutYmKtqGO8Rfoeqee0kotet5SGxNYOmnMsmcC26ma3Q67aJfhjcClu58V39qHamKhbe_ODo8fwg0Qk2d6e66Cul4IlV-k','2025-02-19 03:46:11','2025-02-20 01:51:43'),(124,'kimyejin0044@gmail.com','e2Jy0qUDrzmCVTOW8QyWgc:APA91bE6-fg2bpiYTsKNbhMQKAEVJoWxbxST07lxhNQOXgS8hspjdYyc9VZBbCEuv_aCE978dLJjCV2_yH9nyd8IkRUkT9cl6UWETAvyrnW-7retOcssRBM','2025-02-19 06:45:46','2025-02-19 06:45:46'),(125,'wkdqhrhkd12@gmail.com','cfRCRa4WUJZn3kykohp2mj:APA91bFJpZ-qA8lDA03J55YXbk0w_qy8G2tRH2GcwNhWQPX4PPyOV67Gk-8_qYDpTimeyPIaXjaqo7faCp4pZ51MXbi8bbrJO0Cj2OQ8Qi3kRMN7jaKM1x8','2025-02-19 06:49:27','2025-02-19 06:49:27'),(126,'fkdldj4857@gmail.com','c1wXjSYNLXV42OjTG5HA2x:APA91bF9z5dVD17DlMecUDWHtq-mJpa1s3qLOL3gIOcbSGe1-djobGe6ctuQma7aupass9ekCg1wAEMj3L5Pf-Ydh9BaXvwSw1na5Ro6M_3SNHlMq3YeVQA','2025-02-19 06:54:04','2025-02-19 06:54:04'),(127,'cavy1234','f6wYBFMc77WMeKpSspLVBm:APA91bGVwhzsLgWTnwUpwQumqRwU48CVIZUIEGP8j6N_CRD42i2sHoGwfOUmJwAlx8iWvC5cA1L5AdsHZp5_QA6qxDlpNSjWAN5N45j5TOeDXgVEEtvlhSg','2025-02-19 06:55:10','2025-02-19 06:55:10'),(128,'ssafy0626@gmail.com','c2S_qCXG0p7jPaZlBBDkpS:APA91bHjI8AZ2BwdqD0xwWzOXSPx-En0DhKi_U64u3w3xRFW5JryGgx0vmwe_nqRV3G1mg_RdB9uS9cySkxaBNCBejwrRXyUQrjYNcyrZ-OOg3W7dmcqn6U','2025-02-19 06:57:59','2025-02-19 06:57:59'),(129,'sea','fv8YCgjSjrbJxIROnxkN6L:APA91bGfy76IyA2Eq1lpRC2iWDEgno9EssAIZfv-iTB2GAFXjEWeN49U10Xaq13lw2FgqQhh_rJDSmYl2bGAUdGYFXB5BHCkz8MzaYD1KDR19e6qdLmXlNo','2025-02-19 06:58:30','2025-02-19 06:58:30'),(130,'soohong0311@gmail.com','edPhELgITOdZF3O6GqJYxV:APA91bFCHllgzCcaU23vLHq02nq74gb-c8yNLKCOFAFStQ1KZNGiShjuEeFGhUHjwzMxMxu1Gadz6JwZuTqNwYx_jpyrb8YFIDq0t4Ir6oKPwc641vKXvOc','2025-02-19 06:59:02','2025-02-19 06:59:02'),(131,'chlwodlrzzang@gmail.com','c6QdCuaxackKEPKv1Sd_5O:APA91bHHYMH7PMt64-NOlpYz5rU5rqkE5LrfulVC_q_VdVa7pLW1O2e1y_xIbCM3nigDIiYdDCJUs_pYWiwi3uSQIqBQUKzN_PVnz6bmliPvGCRJzkTz0dk','2025-02-19 07:08:06','2025-02-19 07:08:06'),(132,'gksals9563@gmail.com','dwtzv1ZVbxeMWwbLOxzF8Y:APA91bFTI0zBhK6PMSgOnYl4yvPIdOlH6QZJ9ksEqPY53rKuLH_P_6V4yIiglgHfNqADh9RBvm0UIsAfIbEGqzlLjkWZk682t3NVeUzThpsBpEw_X-vxSZ8','2025-02-19 07:11:06','2025-02-19 07:11:06'),(133,'tpdbs0701@gmail.com','cK2jshgfEqf1LIp_-Jry4i:APA91bFawRc5vFb_a4WDqA_R6tigjUNR5IHqsP4vr8CUV8k16UOH6J8U_t43FeQlds_5nm371WNmaq1EOMYBQTJbA_kdaqMCmUR-z4cdYeZKwuyfW0esNVY','2025-02-19 07:13:36','2025-02-19 07:13:36'),(134,'qkrdptmd1101@gmail.com','eiKs0Ak9k1ilXgRskUXmkG:APA91bG9zuFXuoonfpcDCPrn5bHEVcNAcxt-DKJntjODGsikw1aH2_30Q-TxjLtsZmeqwWECWDtL5mALXUXcWXsR06CkHWuQjAdmIR6ppYz1tiDAPBHfyI4','2025-02-19 07:51:42','2025-02-19 07:51:42'),(135,'dsfs','f4I1abZW8T5P1sCF6XxJp6:APA91bHArK9d6R7HIIs50COAZuAMK0gdZES39lalL7FsMk-x_7O8pnhNPVK3Vifbj76z9S6Gha6YYQheNejCLSKHsMYdue4a28ttNGlixwwyELiO64Y13LQ','2025-02-19 08:40:36','2025-02-19 08:40:36'),(136,'test@n.com','eaVE7PILmWjvmyvyJcRhII:APA91bG0PFvp9cTzPoJG5V91H0Pq1XVn1Er1JRVqsj5IhoRqt9g3nKY-kBUp2xiNKjSyLYAqWUY3W8L0CAWhlLB2oO-P2Oo3SZ7qWu4ZjArubwD8VbKlRrg','2025-02-19 08:47:31','2025-02-19 08:47:31'),(137,'fightj1234567@gmail.com','e6mFKwvWdlW5kB-cdOpDRL:APA91bFeAOaHsRu8hduDG3ZLC0co3m_j41uiKTNAxdHZ_ccu8u2r5dyYJepDB0CpvZudxXd-a3wakUv0BD4AzYpC9LOa8nXwbBexAUV-BQZJaItmB3q71MQ','2025-02-19 08:50:37','2025-02-19 08:50:37'),(138,'f','dY5jblcokWR0VuqVBr6tD9:APA91bEIVDXt0GPyxoIbhUpyCEu-jUfH_b6xhLegcScw-gdz8TCCQv7i0BpLRrblpTMNbs-LJS5Se3NFwGer6L3Kul_sDsPqVBwEgc6b2Cm1T1t7k3rPP1c','2025-02-19 09:52:49','2025-02-19 09:52:49'),(139,'dlsxj101','fg2mfINtb7nIISYXYwqFC_:APA91bHhaT1E_nWPZdWqtqY6iqAlUWZuUFbJgVM_CRZtOGfC5buRMCMIAyPGPCkyCOXjp5i1Ljsw_gL4b0ypyQG7bjUu9BOx0YPiC8_rblwjxYh5OB5v6aE','2025-02-19 10:03:32','2025-02-20 01:58:58'),(140,'95dmstjs','dGHO5mFdEU04d4YH5ouVQC:APA91bEDfg2YpPt-PxgRDuTlEwbyi_kj2zU9WJRhUwCOlttWYLaU94fIA4k9xh_LFzFp1ffT1_C3Xu0ctzPOthrrn4GgD5c7t-tsUw5UHF26qNUKbiAfozo','2025-02-19 10:36:14','2025-02-19 10:36:14'),(144,'eejj','fsTj3M8jCnYLYcwY-9oTRG:APA91bGmmyy3qYb1CkV-p8Gd-JSuyzvb71y5WOhFtKLixJyWbkSaVJvfh0mdvOt2tKFFPWRJJai4fXwPbSY8HqcxbwB4q3TcvdagXMHS9VL1o057PDJxG_4','2025-02-19 22:53:23','2025-02-19 22:53:23'),(145,'euna0920','fROZ2xeX9e2xVgM2nWAS_9:APA91bFNhAdH0Bly9z5db5-4EhUqP3U7MrIe1YFLthSh2Qr7Wga1jB3QSnyhOzCOl4QryKpu8SsfopYMuysAsKYQoP0arKdJld6HIXSf_5wvvS-nHp9OVeI','2025-02-20 00:16:11','2025-02-20 00:16:11'),(146,'ejej','f5kG-9A3RcKqWgLdtXde4v:APA91bEYS8yTGiPotbPFdQwK2B7zwoMN5U3JG074f60uC_qfaQB6GPmij7kBRTvsM_9_R6aM3_03aohi486gLVuwDK2hn2YVNtgL8_Orv52BoL7tWZ1LxxU','2025-02-20 01:55:11','2025-02-20 01:55:11');
/*!40000 ALTER TABLE `user_tokens` ENABLE KEYS */;
UNLOCK TABLES;
/*!40103 SET TIME_ZONE=@OLD_TIME_ZONE */;

/*!40101 SET SQL_MODE=@OLD_SQL_MODE */;
/*!40014 SET FOREIGN_KEY_CHECKS=@OLD_FOREIGN_KEY_CHECKS */;
/*!40014 SET UNIQUE_CHECKS=@OLD_UNIQUE_CHECKS */;
/*!40101 SET CHARACTER_SET_CLIENT=@OLD_CHARACTER_SET_CLIENT */;
/*!40101 SET CHARACTER_SET_RESULTS=@OLD_CHARACTER_SET_RESULTS */;
/*!40101 SET COLLATION_CONNECTION=@OLD_COLLATION_CONNECTION */;
/*!40111 SET SQL_NOTES=@OLD_SQL_NOTES */;

-- Dump completed on 2025-02-20  2:18:05
